dataset,instance_index,depot,budget_miles,algorithm,collected_prize_excluding_depot,java_raw_prize_including_depot,route_distance_miles,runtime_ms,route
"Capital_Cities.txt",0,"Albany,NY",4000,"Greedy 1",516,716,3981.880973,3.424916,"Albany,NY -> Annapolis,MD -> Cheyenne,WY -> Nashville,TN -> Indianapolis,IN -> Columbus,OH -> Concord,NH -> Albany,NY"
"Capital_Cities.txt",0,"Albany,NY",4000,"Greedy 2",925,1125,3822.697225,1.605417,"Albany,NY -> Concord,NH -> Augusta,ME -> Providence,RI -> Boston,MA -> Annapolis,MD -> Dover,DE -> Trenton,NJ -> Columbus,OH -> Indianapolis,IN -> Nashville,TN -> Atlanta,GA -> Columbia,SC -> Raleigh,NC -> Richmond,VA -> Lansing,MI -> Harrisburg,PA -> Hartford,CT -> Albany,NY"
"Capital_Cities.txt",0,"Albany,NY",4000,"P-MARL",1010,1210,3676.386707,2509.501375,"Albany,NY -> Annapolis,MD -> Dover,DE -> Trenton,NJ -> Harrisburg,PA -> Columbus,OH -> Indianapolis,IN -> Springfield,IL -> JeffersonCity,MO -> Nashville,TN -> Atlanta,GA -> Columbia,SC -> Raleigh,NC -> Richmond,VA -> Concord,NH -> Augusta,ME -> Boston,MA -> Providence,RI -> Montpelier,VT -> Hartford,CT -> Albany,NY"
"Capital_Cities.txt",1,"Annapolis,MD",4000,"Greedy 1",520,716,3948.333480,0.093583,"Annapolis,MD -> Albany,NY -> Cheyenne,WY -> Nashville,TN -> Indianapolis,IN -> Columbus,OH -> Raleigh,NC -> Richmond,VA -> Annapolis,MD"
"Capital_Cities.txt",1,"Annapolis,MD",4000,"Greedy 2",954,1150,3950.305581,0.349959,"Annapolis,MD -> Dover,DE -> Trenton,NJ -> Albany,NY -> Concord,NH -> Augusta,ME -> Providence,RI -> Boston,MA -> Columbus,OH -> Indianapolis,IN -> Nashville,TN -> Atlanta,GA -> Columbia,SC -> Raleigh,NC -> Richmond,VA -> Lansing,MI -> Frankfort,KY -> Charleston,WV -> Harrisburg,PA -> Annapolis,MD"
"Capital_Cities.txt",1,"Annapolis,MD",4000,"P-MARL",1050,1246,3855.794337,2393.018375,"Annapolis,MD -> Dover,DE -> Trenton,NJ -> Albany,NY -> Concord,NH -> Augusta,ME -> Providence,RI -> Boston,MA -> Hartford,CT -> Columbus,OH -> Lansing,MI -> Springfield,IL -> JeffersonCity,MO -> Indianapolis,IN -> Nashville,TN -> Columbia,SC -> Atlanta,GA -> Raleigh,NC -> Richmond,VA -> Annapolis,MD"
"Capital_Cities.txt",2,"Atlanta,GA",4000,"Greedy 1",389,557,3868.674279,0.081416,"Atlanta,GA -> Albany,NY -> Annapolis,MD -> Cheyenne,WY -> Nashville,TN -> Atlanta,GA"
"Capital_Cities.txt",2,"Atlanta,GA",4000,"Greedy 2",946,1114,3823.146540,0.277334,"Atlanta,GA -> Nashville,TN -> Indianapolis,IN -> Columbus,OH -> Annapolis,MD -> Dover,DE -> Trenton,NJ -> Albany,NY -> Concord,NH -> Augusta,ME -> Providence,RI -> Boston,MA -> Columbia,SC -> Raleigh,NC -> Richmond,VA -> Tallahassee,FL -> Montgomery,AL -> Atlanta,GA"
"Capital_Cities.txt",2,"Atlanta,GA",4000,"P-MARL",1041,1209,3946.627732,2390.149500,"Atlanta,GA -> Annapolis,MD -> Dover,DE -> Trenton,NJ -> Albany,NY -> Concord,NH -> Augusta,ME -> Providence,RI -> Boston,MA -> Hartford,CT -> Columbus,OH -> Indianapolis,IN -> Springfield,IL -> JeffersonCity,MO -> Nashville,TN -> Jackson,MS -> BatonRouge,LA -> Tallahassee,FL -> Atlanta,GA"
"Capital_Cities.txt",3,"Augusta,ME",4000,"Greedy 1",521,669,3911.801203,0.057708,"Augusta,ME -> Albany,NY -> Annapolis,MD -> Cheyenne,WY -> Indianapolis,IN -> Columbus,OH -> Concord,NH -> Augusta,ME"
"Capital_Cities.txt",3,"Augusta,ME",4000,"Greedy 2",939,1087,3960.654707,0.246333,"Augusta,ME -> Concord,NH -> Albany,NY -> Annapolis,MD -> Dover,DE -> Trenton,NJ -> Providence,RI -> Boston,MA -> Columbus,OH -> Indianapolis,IN -> Nashville,TN -> Atlanta,GA -> Columbia,SC -> Raleigh,NC -> Richmond,VA -> Lansing,MI -> Montpelier,VT -> Augusta,ME"
"Capital_Cities.txt",3,"Augusta,ME",4000,"P-MARL",1071,1219,3988.896285,2365.413000,"Augusta,ME -> Annapolis,MD -> Dover,DE -> Trenton,NJ -> Richmond,VA -> Raleigh,NC -> Columbia,SC -> Atlanta,GA -> Nashville,TN -> Indianapolis,IN -> Springfield,IL -> JeffersonCity,MO -> Columbus,OH -> Lansing,MI -> Providence,RI -> Boston,MA -> Albany,NY -> Concord,NH -> Augusta,ME"
"Capital_Cities.txt",4,"Austin,TX",4000,"Greedy 1",469,599,3752.171572,0.050500,"Austin,TX -> Albany,NY -> Annapolis,MD -> Nashville,TN -> Indianapolis,IN -> OklahomaCity,OK -> Austin,TX"
"Capital_Cities.txt",4,"Austin,TX",4000,"Greedy 2",818,948,3994.837833,0.131125,"Austin,TX -> OklahomaCity,OK -> JeffersonCity,MO -> Springfield,IL -> Indianapolis,IN -> Columbus,OH -> Nashville,TN -> Atlanta,GA -> Columbia,SC -> Annapolis,MD -> Dover,DE -> Trenton,NJ -> Charleston,WV -> Austin,TX"
"Capital_Cities.txt",4,"Austin,TX",4000,"P-MARL",788,918,3911.753794,2058.711333,"Austin,TX -> Nashville,TN -> Atlanta,GA -> Columbia,SC -> Tallahassee,FL -> Montgomery,AL -> Jackson,MS -> BatonRouge,LA -> LittleRock,AR -> Topeka,KS -> Lincoln,NE -> DesMoines,IA -> JeffersonCity,MO -> OklahomaCity,OK -> Austin,TX"
"Capital_Cities.txt",5,"BatonRouge,LA",4000,"Greedy 1",540,640,3709.641459,0.054667,"BatonRouge,LA -> Albany,NY -> Annapolis,MD -> Nashville,TN -> Indianapolis,IN -> OklahomaCity,OK -> Jackson,MS -> BatonRouge,LA"
"Capital_Cities.txt",5,"BatonRouge,LA",4000,"Greedy 2",1134,1234,3798.125872,0.154291,"BatonRouge,LA -> Jackson,MS -> Nashville,TN -> Atlanta,GA -> Columbia,SC -> Annapolis,MD -> Dover,DE -> Trenton,NJ -> Albany,NY -> Concord,NH -> Augusta,ME -> Providence,RI -> Boston,MA -> Columbus,OH -> Indianapolis,IN -> Springfield,IL -> JeffersonCity,MO -> LittleRock,AR -> BatonRouge,LA"
"Capital_Cities.txt",5,"BatonRouge,LA",4000,"P-MARL",1170,1270,3790.449777,2275.760709,"BatonRouge,LA -> Jackson,MS -> Nashville,TN -> Atlanta,GA -> Columbia,SC -> Raleigh,NC -> Annapolis,MD -> Dover,DE -> Trenton,NJ -> Albany,NY -> Providence,RI -> Boston,MA -> Concord,NH -> Augusta,ME -> Columbus,OH -> Indianapolis,IN -> Springfield,IL -> JeffersonCity,MO -> LittleRock,AR -> BatonRouge,LA"
"Capital_Cities.txt",6,"Bismarck,ND",4000,"Greedy 1",408,494,3798.422157,0.038666,"Bismarck,ND -> Albany,NY -> Annapolis,MD -> Cheyenne,WY -> Denver,CO -> Pierre,SD -> Bismarck,ND"
"Capital_Cities.txt",6,"Bismarck,ND",4000,"Greedy 2",875,961,3897.514718,0.126417,"Bismarck,ND -> Pierre,SD -> Cheyenne,WY -> Denver,CO -> SantaFe,NM -> OklahomaCity,OK -> JeffersonCity,MO -> Springfield,IL -> Indianapolis,IN -> Columbus,OH -> Nashville,TN -> Frankfort,KY -> Lansing,MI -> Madison,WI -> SaintPaul,MN -> Bismarck,ND"
"Capital_Cities.txt",6,"Bismarck,ND",4000,"P-MARL",775,861,3866.539865,2223.446000,"Bismarck,ND -> Indianapolis,IN -> Columbus,OH -> Annapolis,MD -> Dover,DE -> Trenton,NJ -> Albany,NY -> Concord,NH -> Boston,MA -> Providence,RI -> Augusta,ME -> Montpelier,VT -> Lansing,MI -> Madison,WI -> SaintPaul,MN -> Pierre,SD -> Bismarck,ND"
"Capital_Cities.txt",7,"Boise,ID",4000,"Greedy 1",369,443,3806.862682,0.038208,"Boise,ID -> Cheyenne,WY -> Nashville,TN -> Helena,MT -> SaltLakeCity,UT -> Boise,ID"
"Capital_Cities.txt",7,"Boise,ID",4000,"Greedy 2",783,857,3937.131585,0.091917,"Boise,ID -> Helena,MT -> SaltLakeCity,UT -> Cheyenne,WY -> Denver,CO -> SantaFe,NM -> OklahomaCity,OK -> JeffersonCity,MO -> Springfield,IL -> DesMoines,IA -> Lincoln,NE -> Pierre,SD -> Boise,ID"
"Capital_Cities.txt",7,"Boise,ID",4000,"P-MARL",827,901,3967.370614,1612.669125,"Boise,ID -> SaltLakeCity,UT -> Cheyenne,WY -> Denver,CO -> SantaFe,NM -> OklahomaCity,OK -> Topeka,KS -> Lincoln,NE -> DesMoines,IA -> JeffersonCity,MO -> Springfield,IL -> Pierre,SD -> Helena,MT -> Boise,ID"
"Capital_Cities.txt",8,"Boston,MA",4000,"Greedy 1",528,584,3979.230137,0.040000,"Boston,MA -> Albany,NY -> Annapolis,MD -> Cheyenne,WY -> Nashville,TN -> Columbus,OH -> Concord,NH -> Boston,MA"
"Capital_Cities.txt",8,"Boston,MA",4000,"Greedy 2",997,1053,3912.709306,0.147250,"Boston,MA -> Providence,RI -> Albany,NY -> Concord,NH -> Augusta,ME -> Annapolis,MD -> Dover,DE -> Trenton,NJ -> Columbus,OH -> Indianapolis,IN -> Nashville,TN -> Atlanta,GA -> Columbia,SC -> Raleigh,NC -> Richmond,VA -> Lansing,MI -> Harrisburg,PA -> Hartford,CT -> Boston,MA"
"Capital_Cities.txt",8,"Boston,MA",4000,"P-MARL",1063,1119,3976.792497,2638.212083,"Boston,MA -> Columbia,SC -> Atlanta,GA -> Nashville,TN -> Indianapolis,IN -> Springfield,IL -> JeffersonCity,MO -> DesMoines,IA -> Madison,WI -> Lansing,MI -> Columbus,OH -> Charleston,WV -> Harrisburg,PA -> Richmond,VA -> Annapolis,MD -> Dover,DE -> Trenton,NJ -> Hartford,CT -> Albany,NY -> Concord,NH -> Boston,MA"
"Capital_Cities.txt",9,"CarsonCity,NV",4000,"Greedy 1",321,359,3952.977179,0.037709,"CarsonCity,NV -> Cheyenne,WY -> Nashville,TN -> Helena,MT -> Boise,ID -> CarsonCity,NV"
"Capital_Cities.txt",9,"CarsonCity,NV",4000,"Greedy 2",658,696,3957.366597,0.073583,"CarsonCity,NV -> Salem,OR -> Olympia,WA -> Helena,MT -> SaltLakeCity,UT -> Cheyenne,WY -> Denver,CO -> SantaFe,NM -> OklahomaCity,OK -> CarsonCity,NV"
"Capital_Cities.txt",9,"CarsonCity,NV",4000,"P-MARL",670,708,3901.005621,1445.122833,"CarsonCity,NV -> Cheyenne,WY -> Denver,CO -> SantaFe,NM -> Phoenix,AZ -> SaltLakeCity,UT -> Boise,ID -> Helena,MT -> Salem,OR -> Olympia,WA -> CarsonCity,NV"
"Capital_Cities.txt",10,"Charleston,WV",4000,"Greedy 1",554,570,3874.295998,0.037083,"Charleston,WV -> Albany,NY -> Annapolis,MD -> Cheyenne,WY -> Nashville,TN -> Indianapolis,IN -> Columbus,OH -> Charleston,WV"
"Capital_Cities.txt",10,"Charleston,WV",4000,"Greedy 2",1103,1119,3911.033269,0.117417,"Charleston,WV -> Columbus,OH -> Indianapolis,IN -> Nashville,TN -> Atlanta,GA -> Columbia,SC -> Annapolis,MD -> Dover,DE -> Trenton,NJ -> Albany,NY -> Concord,NH -> Augusta,ME -> Providence,RI -> Boston,MA -> Lansing,MI -> Springfield,IL -> JeffersonCity,MO -> Frankfort,KY -> Charleston,WV"
"Capital_Cities.txt",10,"Charleston,WV",4000,"P-MARL",1113,1129,3817.160506,2523.243667,"Charleston,WV -> Nashville,TN -> Atlanta,GA -> Columbia,SC -> Raleigh,NC -> Richmond,VA -> Annapolis,MD -> Dover,DE -> Trenton,NJ -> Albany,NY -> Concord,NH -> Augusta,ME -> Providence,RI -> Boston,MA -> Hartford,CT -> Harrisburg,PA -> Lansing,MI -> Frankfort,KY -> Indianapolis,IN -> Springfield,IL -> Columbus,OH -> Charleston,WV"
"Capital_Cities.txt",11,"Cheyenne,WY",4000,"Greedy 1",469,661,3964.135740,0.039416,"Cheyenne,WY -> Albany,NY -> Annapolis,MD -> Nashville,TN -> Indianapolis,IN -> OklahomaCity,OK -> Cheyenne,WY"
"Capital_Cities.txt",11,"Cheyenne,WY",4000,"Greedy 2",902,1094,3937.809200,0.091750,"Cheyenne,WY -> Denver,CO -> SantaFe,NM -> OklahomaCity,OK -> JeffersonCity,MO -> Springfield,IL -> Indianapolis,IN -> Columbus,OH -> Nashville,TN -> Atlanta,GA -> Columbia,SC -> Frankfort,KY -> DesMoines,IA -> Lincoln,NE -> Cheyenne,WY"
"Capital_Cities.txt",11,"Cheyenne,WY",4000,"P-MARL",865,1057,3780.920750,1999.688542,"Cheyenne,WY -> JeffersonCity,MO -> Springfield,IL -> Indianapolis,IN -> Columbus,OH -> Frankfort,KY -> Nashville,TN -> Atlanta,GA -> Montgomery,AL -> Jackson,MS -> LittleRock,AR -> Topeka,KS -> Lincoln,NE -> OklahomaCity,OK -> Denver,CO -> Cheyenne,WY"
"Capital_Cities.txt",12,"Columbia,SC",4000,"Greedy 1",473,637,3935.071778,0.035459,"Columbia,SC -> Albany,NY -> Annapolis,MD -> Cheyenne,WY -> Nashville,TN -> Atlanta,GA -> Columbia,SC"
"Capital_Cities.txt",12,"Columbia,SC",4000,"Greedy 2",1021,1185,3886.329621,0.117875,"Columbia,SC -> Atlanta,GA -> Nashville,TN -> Indianapolis,IN -> Columbus,OH -> Annapolis,MD -> Dover,DE -> Trenton,NJ -> Albany,NY -> Concord,NH -> Augusta,ME -> Providence,RI -> Boston,MA -> Lansing,MI -> Springfield,IL -> JeffersonCity,MO -> Frankfort,KY -> Columbia,SC"
"Capital_Cities.txt",12,"Columbia,SC",4000,"P-MARL",929,1093,3947.836611,2393.335041,"Columbia,SC -> Annapolis,MD -> Dover,DE -> Trenton,NJ -> Albany,NY -> Concord,NH -> Augusta,ME -> Providence,RI -> Boston,MA -> Hartford,CT -> Richmond,VA -> Raleigh,NC -> Atlanta,GA -> Tallahassee,FL -> Montgomery,AL -> Jackson,MS -> BatonRouge,LA -> Nashville,TN -> Frankfort,KY -> Columbia,SC"
"Capital_Cities.txt",13,"Columbus,OH",4000,"Greedy 1",499,653,3864.598327,0.038583,"Columbus,OH -> Albany,NY -> Annapolis,MD -> Cheyenne,WY -> Nashville,TN -> Indianapolis,IN -> Frankfort,KY -> Columbus,OH"
"Capital_Cities.txt",13,"Columbus,OH",4000,"Greedy 2",1052,1206,3990.053547,0.113125,"Columbus,OH -> Indianapolis,IN -> Nashville,TN -> Atlanta,GA -> Columbia,SC -> Annapolis,MD -> Dover,DE -> Trenton,NJ -> Albany,NY -> Concord,NH -> Augusta,ME -> Providence,RI -> Boston,MA -> Lansing,MI -> Springfield,IL -> JeffersonCity,MO -> DesMoines,IA -> Columbus,OH"
"Capital_Cities.txt",13,"Columbus,OH",4000,"P-MARL",999,1153,3956.683721,2619.283458,"Columbus,OH -> Annapolis,MD -> Dover,DE -> Trenton,NJ -> Albany,NY -> Concord,NH -> Augusta,ME -> Boston,MA -> Providence,RI -> Hartford,CT -> Harrisburg,PA -> Richmond,VA -> Indianapolis,IN -> Springfield,IL -> JeffersonCity,MO -> DesMoines,IA -> Lincoln,NE -> Topeka,KS -> Nashville,TN -> Frankfort,KY -> Charleston,WV -> Columbus,OH"
"Capital_Cities.txt",14,"Concord,NH",4000,"Greedy 1",554,678,3981.880973,0.046000,"Concord,NH -> Albany,NY -> Annapolis,MD -> Cheyenne,WY -> Nashville,TN -> Indianapolis,IN -> Columbus,OH -> Concord,NH"
"Capital_Cities.txt",14,"Concord,NH",4000,"Greedy 2",918,1042,3945.515162,0.124666,"Concord,NH -> Albany,NY -> Annapolis,MD -> Dover,DE -> Trenton,NJ -> Providence,RI -> Boston,MA -> Augusta,ME -> Columbus,OH -> Indianapolis,IN -> Nashville,TN -> Atlanta,GA -> Columbia,SC -> Raleigh,NC -> Richmond,VA -> Harrisburg,PA -> Charleston,WV -> Hartford,CT -> Concord,NH"
"Capital_Cities.txt",14,"Concord,NH",4000,"P-MARL",998,1122,3970.566739,2378.126500,"Concord,NH -> Annapolis,MD -> Dover,DE -> Trenton,NJ -> Harrisburg,PA -> Richmond,VA -> Raleigh,NC -> Columbia,SC -> Atlanta,GA -> Nashville,TN -> Indianapolis,IN -> Springfield,IL -> JeffersonCity,MO -> Columbus,OH -> Lansing,MI -> Augusta,ME -> Boston,MA -> Providence,RI -> Hartford,CT -> Concord,NH"
"Capital_Cities.txt",15,"Denver,CO",4000,"Greedy 1",294,412,3506.198318,0.054084,"Denver,CO -> Albany,NY -> Annapolis,MD -> Cheyenne,WY -> Denver,CO"
"Capital_Cities.txt",15,"Denver,CO",4000,"Greedy 2",680,798,3959.784229,0.080708,"Denver,CO -> Cheyenne,WY -> SaltLakeCity,UT -> Helena,MT -> Salem,OR -> Olympia,WA -> Boise,ID -> SantaFe,NM -> OklahomaCity,OK -> Topeka,KS -> Denver,CO"
"Capital_Cities.txt",15,"Denver,CO",4000,"P-MARL",747,865,3530.371865,1813.754250,"Denver,CO -> JeffersonCity,MO -> Nashville,TN -> Atlanta,GA -> Columbus,OH -> Indianapolis,IN -> Springfield,IL -> DesMoines,IA -> Lincoln,NE -> SantaFe,NM -> Cheyenne,WY -> Denver,CO"
"Capital_Cities.txt",16,"DesMoines,IA",4000,"Greedy 1",451,547,3939.362680,0.035583,"DesMoines,IA -> Albany,NY -> Annapolis,MD -> Cheyenne,WY -> OklahomaCity,OK -> JeffersonCity,MO -> DesMoines,IA"
"Capital_Cities.txt",16,"DesMoines,IA",4000,"Greedy 2",1108,1204,3842.788223,0.115166,"DesMoines,IA -> JeffersonCity,MO -> Springfield,IL -> Indianapolis,IN -> Columbus,OH -> Nashville,TN -> Atlanta,GA -> Columbia,SC -> Annapolis,MD -> Dover,DE -> Trenton,NJ -> Albany,NY -> Concord,NH -> Augusta,ME -> Providence,RI -> Boston,MA -> Lansing,MI -> Madison,WI -> DesMoines,IA"
"Capital_Cities.txt",16,"DesMoines,IA",4000,"P-MARL",711,807,3784.165892,2450.069208,"DesMoines,IA -> Columbia,SC -> Atlanta,GA -> Nashville,TN -> Frankfort,KY -> JeffersonCity,MO -> Topeka,KS -> Lincoln,NE -> Springfield,IL -> Indianapolis,IN -> Columbus,OH -> Charleston,WV -> Madison,WI -> DesMoines,IA"
"Capital_Cities.txt",17,"Dover,DE",4000,"Greedy 1",582,642,3984.865966,0.035959,"Dover,DE -> Albany,NY -> Annapolis,MD -> Cheyenne,WY -> Nashville,TN -> Indianapolis,IN -> Columbus,OH -> Richmond,VA -> Dover,DE"
"Capital_Cities.txt",17,"Dover,DE",4000,"Greedy 2",1010,1070,3973.200584,0.122958,"Dover,DE -> Annapolis,MD -> Albany,NY -> Concord,NH -> Augusta,ME -> Providence,RI -> Boston,MA -> Trenton,NJ -> Columbus,OH -> Indianapolis,IN -> Nashville,TN -> Atlanta,GA -> Columbia,SC -> Raleigh,NC -> Richmond,VA -> Lansing,MI -> Frankfort,KY -> Charleston,WV -> Dover,DE"
"Capital_Cities.txt",17,"Dover,DE",4000,"P-MARL",1202,1262,3858.491947,2418.451000,"Dover,DE -> Annapolis,MD -> Richmond,VA -> Raleigh,NC -> Columbia,SC -> Atlanta,GA -> Nashville,TN -> Indianapolis,IN -> Springfield,IL -> JeffersonCity,MO -> DesMoines,IA -> Madison,WI -> Lansing,MI -> Columbus,OH -> Albany,NY -> Providence,RI -> Boston,MA -> Concord,NH -> Augusta,ME -> Trenton,NJ -> Harrisburg,PA -> Dover,DE"
"Capital_Cities.txt",18,"Frankfort,KY",4000,"Greedy 1",477,521,3852.389609,0.039084,"Frankfort,KY -> Albany,NY -> Annapolis,MD -> Cheyenne,WY -> Nashville,TN -> Indianapolis,IN -> Frankfort,KY"
"Capital_Cities.txt",18,"Frankfort,KY",4000,"Greedy 2",1081,1125,3810.760888,0.106417,"Frankfort,KY -> Indianapolis,IN -> Columbus,OH -> Nashville,TN -> Atlanta,GA -> Columbia,SC -> Annapolis,MD -> Dover,DE -> Trenton,NJ -> Albany,NY -> Concord,NH -> Augusta,ME -> Providence,RI -> Boston,MA -> Lansing,MI -> Springfield,IL -> JeffersonCity,MO -> Frankfort,KY"
"Capital_Cities.txt",18,"Frankfort,KY",4000,"P-MARL",1160,1204,3999.270299,2713.248875,"Frankfort,KY -> Annapolis,MD -> Dover,DE -> Trenton,NJ -> Albany,NY -> Concord,NH -> Augusta,ME -> Boston,MA -> Providence,RI -> Hartford,CT -> Harrisburg,PA -> Richmond,VA -> Raleigh,NC -> Columbia,SC -> Atlanta,GA -> Nashville,TN -> JeffersonCity,MO -> Topeka,KS -> Lincoln,NE -> DesMoines,IA -> Springfield,IL -> Columbus,OH -> Frankfort,KY"
"Capital_Cities.txt",19,"Harrisburg,PA",4000,"Greedy 1",584,608,3968.042281,0.110250,"Harrisburg,PA -> Albany,NY -> Annapolis,MD -> Cheyenne,WY -> Nashville,TN -> Indianapolis,IN -> Columbus,OH -> Dover,DE -> Harrisburg,PA"
"Capital_Cities.txt",19,"Harrisburg,PA",4000,"Greedy 2",1040,1064,3950.305581,0.141708,"Harrisburg,PA -> Annapolis,MD -> Dover,DE -> Trenton,NJ -> Albany,NY -> Concord,NH -> Augusta,ME -> Providence,RI -> Boston,MA -> Columbus,OH -> Indianapolis,IN -> Nashville,TN -> Atlanta,GA -> Columbia,SC -> Raleigh,NC -> Richmond,VA -> Lansing,MI -> Frankfort,KY -> Charleston,WV -> Harrisburg,PA"
"Capital_Cities.txt",19,"Harrisburg,PA",4000,"P-MARL",1148,1172,3973.071411,2431.129416,"Harrisburg,PA -> Annapolis,MD -> Dover,DE -> Trenton,NJ -> Albany,NY -> Concord,NH -> Augusta,ME -> Boston,MA -> Providence,RI -> Hartford,CT -> Columbus,OH -> Indianapolis,IN -> Springfield,IL -> JeffersonCity,MO -> Nashville,TN -> Atlanta,GA -> Columbia,SC -> Raleigh,NC -> Richmond,VA -> Lansing,MI -> Harrisburg,PA"
"Capital_Cities.txt",0,"Albany,NY",6000,"Greedy 1",815,1015,5994.186866,0.043500,"Albany,NY -> Annapolis,MD -> Cheyenne,WY -> Nashville,TN -> Indianapolis,IN -> OklahomaCity,OK -> Atlanta,GA -> Columbia,SC -> Columbus,OH -> Concord,NH -> Providence,RI -> Hartford,CT -> Albany,NY"
"Capital_Cities.txt",0,"Albany,NY",6000,"Greedy 2",1307,1507,5977.992605,0.144250,"Albany,NY -> Concord,NH -> Augusta,ME -> Providence,RI -> Boston,MA -> Annapolis,MD -> Dover,DE -> Trenton,NJ -> Columbus,OH -> Indianapolis,IN -> Nashville,TN -> Atlanta,GA -> Columbia,SC -> Raleigh,NC -> Richmond,VA -> Lansing,MI -> Springfield,IL -> JeffersonCity,MO -> OklahomaCity,OK -> Austin,TX -> Jackson,MS -> Montgomery,AL -> Charleston,WV -> Harrisburg,PA -> Albany,NY"
"Capital_Cities.txt",0,"Albany,NY",6000,"P-MARL",1395,1595,5380.223822,3461.208458,"Albany,NY -> Annapolis,MD -> Dover,DE -> Trenton,NJ -> Harrisburg,PA -> Columbus,OH -> Indianapolis,IN -> Springfield,IL -> JeffersonCity,MO -> DesMoines,IA -> Lincoln,NE -> Topeka,KS -> OklahomaCity,OK -> Jackson,MS -> BatonRouge,LA -> LittleRock,AR -> Nashville,TN -> Atlanta,GA -> Columbia,SC -> Raleigh,NC -> Richmond,VA -> Concord,NH -> Augusta,ME -> Providence,RI -> Boston,MA -> Montpelier,VT -> Hartford,CT -> Albany,NY"
"Capital_Cities.txt",1,"Annapolis,MD",6000,"Greedy 1",775,971,5943.209302,0.036458,"Annapolis,MD -> Albany,NY -> Cheyenne,WY -> Nashville,TN -> Indianapolis,IN -> OklahomaCity,OK -> Atlanta,GA -> Columbia,SC -> Columbus,OH -> Lansing,MI -> Harrisburg,PA -> Annapolis,MD"
"Capital_Cities.txt",1,"Annapolis,MD",6000,"Greedy 2",1347,1543,5986.951749,0.145375,"Annapolis,MD -> Dover,DE -> Trenton,NJ -> Albany,NY -> Concord,NH -> Augusta,ME -> Providence,RI -> Boston,MA -> Columbus,OH -> Indianapolis,IN -> Nashville,TN -> Atlanta,GA -> Columbia,SC -> Raleigh,NC -> Richmond,VA -> Lansing,MI -> Springfield,IL -> JeffersonCity,MO -> OklahomaCity,OK -> Austin,TX -> Jackson,MS -> BatonRouge,LA -> Montgomery,AL -> Charleston,WV -> Annapolis,MD"
"Capital_Cities.txt",1,"Annapolis,MD",6000,"P-MARL",1549,1745,5898.737130,3511.782667,"Annapolis,MD -> Dover,DE -> Trenton,NJ -> Albany,NY -> Boston,MA -> Concord,NH -> Augusta,ME -> Providence,RI -> Hartford,CT -> Columbus,OH -> Indianapolis,IN -> Springfield,IL -> JeffersonCity,MO -> Topeka,KS -> Lincoln,NE -> DesMoines,IA -> Cheyenne,WY -> Denver,CO -> OklahomaCity,OK -> LittleRock,AR -> Jackson,MS -> BatonRouge,LA -> Atlanta,GA -> Nashville,TN -> Columbia,SC -> Raleigh,NC -> Richmond,VA -> Harrisburg,PA -> Annapolis,MD"
"Capital_Cities.txt",2,"Atlanta,GA",6000,"Greedy 1",665,833,5996.589749,0.044583,"Atlanta,GA -> Albany,NY -> Annapolis,MD -> Cheyenne,WY -> Nashville,TN -> Indianapolis,IN -> OklahomaCity,OK -> Columbia,SC -> Montgomery,AL -> Atlanta,GA"
"Capital_Cities.txt",2,"Atlanta,GA",6000,"Greedy 2",1408,1576,5946.238976,0.111583,"Atlanta,GA -> Nashville,TN -> Indianapolis,IN -> Columbus,OH -> Annapolis,MD -> Dover,DE -> Trenton,NJ -> Albany,NY -> Concord,NH -> Augusta,ME -> Providence,RI -> Boston,MA -> Columbia,SC -> Raleigh,NC -> Richmond,VA -> Lansing,MI -> Springfield,IL -> JeffersonCity,MO -> OklahomaCity,OK -> Austin,TX -> Jackson,MS -> BatonRouge,LA -> Tallahassee,FL -> Montgomery,AL -> Atlanta,GA"
"Capital_Cities.txt",2,"Atlanta,GA",6000,"P-MARL",1395,1563,5934.743248,3550.384167,"Atlanta,GA -> Annapolis,MD -> Dover,DE -> Trenton,NJ -> Albany,NY -> Concord,NH -> Boston,MA -> Providence,RI -> Augusta,ME -> Columbus,OH -> Indianapolis,IN -> Springfield,IL -> JeffersonCity,MO -> DesMoines,IA -> Lincoln,NE -> Topeka,KS -> OklahomaCity,OK -> LittleRock,AR -> Jackson,MS -> BatonRouge,LA -> Tallahassee,FL -> Montgomery,AL -> Nashville,TN -> Frankfort,KY -> Lansing,MI -> Atlanta,GA"
"Capital_Cities.txt",3,"Augusta,ME",6000,"Greedy 1",821,969,5950.873130,0.035792,"Augusta,ME -> Albany,NY -> Annapolis,MD -> Cheyenne,WY -> Nashville,TN -> Indianapolis,IN -> OklahomaCity,OK -> Atlanta,GA -> Columbia,SC -> Concord,NH -> Boston,MA -> Augusta,ME"
"Capital_Cities.txt",3,"Augusta,ME",6000,"Greedy 2",1330,1478,5852.384237,0.111458,"Augusta,ME -> Concord,NH -> Albany,NY -> Annapolis,MD -> Dover,DE -> Trenton,NJ -> Providence,RI -> Boston,MA -> Columbus,OH -> Indianapolis,IN -> Nashville,TN -> Atlanta,GA -> Columbia,SC -> Raleigh,NC -> Richmond,VA -> Lansing,MI -> Springfield,IL -> JeffersonCity,MO -> OklahomaCity,OK -> Topeka,KS -> Lincoln,NE -> DesMoines,IA -> Madison,WI -> Montpelier,VT -> Augusta,ME"
"Capital_Cities.txt",3,"Augusta,ME",6000,"P-MARL",1441,1589,5997.227263,3555.388417,"Augusta,ME -> Annapolis,MD -> Dover,DE -> Trenton,NJ -> Harrisburg,PA -> Richmond,VA -> Raleigh,NC -> Columbia,SC -> Atlanta,GA -> Nashville,TN -> Indianapolis,IN -> Columbus,OH -> Lansing,MI -> Springfield,IL -> JeffersonCity,MO -> DesMoines,IA -> Lincoln,NE -> Topeka,KS -> OklahomaCity,OK -> LittleRock,AR -> Jackson,MS -> BatonRouge,LA -> Montgomery,AL -> Tallahassee,FL -> Providence,RI -> Boston,MA -> Concord,NH -> Augusta,ME"
"Capital_Cities.txt",4,"Austin,TX",6000,"Greedy 1",565,695,5680.693806,0.031291,"Austin,TX -> Albany,NY -> Annapolis,MD -> Cheyenne,WY -> Nashville,TN -> Indianapolis,IN -> OklahomaCity,OK -> Austin,TX"
"Capital_Cities.txt",4,"Austin,TX",6000,"Greedy 2",1433,1563,5995.979154,0.093458,"Austin,TX -> OklahomaCity,OK -> JeffersonCity,MO -> Springfield,IL -> Indianapolis,IN -> Columbus,OH -> Nashville,TN -> Atlanta,GA -> Columbia,SC -> Annapolis,MD -> Dover,DE -> Trenton,NJ -> Albany,NY -> Concord,NH -> Augusta,ME -> Providence,RI -> Boston,MA -> Lansing,MI -> Madison,WI -> DesMoines,IA -> Lincoln,NE -> Topeka,KS -> Cheyenne,WY -> Austin,TX"
"Capital_Cities.txt",4,"Austin,TX",6000,"P-MARL",1170,1300,5952.685919,3347.664916,"Austin,TX -> Albany,NY -> Concord,NH -> Boston,MA -> Providence,RI -> Augusta,ME -> Annapolis,MD -> Dover,DE -> Trenton,NJ -> Harrisburg,PA -> Richmond,VA -> Raleigh,NC -> Columbia,SC -> Atlanta,GA -> Nashville,TN -> Jackson,MS -> BatonRouge,LA -> LittleRock,AR -> Topeka,KS -> Lincoln,NE -> DesMoines,IA -> JeffersonCity,MO -> Austin,TX"
"Capital_Cities.txt",5,"BatonRouge,LA",6000,"Greedy 1",636,736,5638.163693,0.035667,"BatonRouge,LA -> Albany,NY -> Annapolis,MD -> Cheyenne,WY -> Nashville,TN -> Indianapolis,IN -> OklahomaCity,OK -> Jackson,MS -> BatonRouge,LA"
"Capital_Cities.txt",5,"BatonRouge,LA",6000,"Greedy 2",1423,1523,5994.879842,0.084792,"BatonRouge,LA -> Jackson,MS -> Nashville,TN -> Atlanta,GA -> Columbia,SC -> Annapolis,MD -> Dover,DE -> Trenton,NJ -> Albany,NY -> Concord,NH -> Augusta,ME -> Providence,RI -> Boston,MA -> Columbus,OH -> Indianapolis,IN -> Springfield,IL -> JeffersonCity,MO -> OklahomaCity,OK -> Austin,TX -> SantaFe,NM -> Cheyenne,WY -> BatonRouge,LA"
"Capital_Cities.txt",5,"BatonRouge,LA",6000,"P-MARL",1423,1523,5997.669963,3317.752958,"BatonRouge,LA -> Annapolis,MD -> Dover,DE -> Trenton,NJ -> Albany,NY -> Concord,NH -> Boston,MA -> Providence,RI -> Augusta,ME -> Richmond,VA -> Raleigh,NC -> Columbia,SC -> Atlanta,GA -> Nashville,TN -> Indianapolis,IN -> Columbus,OH -> Springfield,IL -> DesMoines,IA -> Lincoln,NE -> Topeka,KS -> OklahomaCity,OK -> Austin,TX -> Jackson,MS -> LittleRock,AR -> BatonRouge,LA"
"Capital_Cities.txt",6,"Bismarck,ND",6000,"Greedy 1",620,706,5897.013040,0.033500,"Bismarck,ND -> Albany,NY -> Annapolis,MD -> Cheyenne,WY -> Nashville,TN -> Indianapolis,IN -> OklahomaCity,OK -> Pierre,SD -> Bismarck,ND"
"Capital_Cities.txt",6,"Bismarck,ND",6000,"Greedy 2",1578,1664,5957.296735,0.097291,"Bismarck,ND -> Pierre,SD -> Cheyenne,WY -> Denver,CO -> SantaFe,NM -> OklahomaCity,OK -> JeffersonCity,MO -> Springfield,IL -> Indianapolis,IN -> Columbus,OH -> Nashville,TN -> Atlanta,GA -> Columbia,SC -> Annapolis,MD -> Dover,DE -> Trenton,NJ -> Albany,NY -> Concord,NH -> Augusta,ME -> Providence,RI -> Boston,MA -> Lansing,MI -> Madison,WI -> DesMoines,IA -> Lincoln,NE -> Bismarck,ND"
"Capital_Cities.txt",6,"Bismarck,ND",6000,"P-MARL",1045,1131,5575.413192,3298.627958,"Bismarck,ND -> Annapolis,MD -> Dover,DE -> Trenton,NJ -> Albany,NY -> Concord,NH -> Augusta,ME -> Providence,RI -> Boston,MA -> Columbia,SC -> Atlanta,GA -> Nashville,TN -> Frankfort,KY -> Lansing,MI -> Madison,WI -> SaintPaul,MN -> Cheyenne,WY -> Denver,CO -> Pierre,SD -> Bismarck,ND"
"Capital_Cities.txt",7,"Boise,ID",6000,"Greedy 1",562,636,5884.130457,0.032708,"Boise,ID -> Albany,NY -> Annapolis,MD -> Cheyenne,WY -> Helena,MT -> Salem,OR -> SaltLakeCity,UT -> Boise,ID"
"Capital_Cities.txt",7,"Boise,ID",6000,"Greedy 2",1256,1330,5950.337457,0.096583,"Boise,ID -> Helena,MT -> SaltLakeCity,UT -> Cheyenne,WY -> Denver,CO -> SantaFe,NM -> OklahomaCity,OK -> JeffersonCity,MO -> Springfield,IL -> Indianapolis,IN -> Columbus,OH -> Nashville,TN -> Atlanta,GA -> Columbia,SC -> Raleigh,NC -> Richmond,VA -> Lansing,MI -> Madison,WI -> Pierre,SD -> Boise,ID"
"Capital_Cities.txt",7,"Boise,ID",6000,"P-MARL",1216,1290,5826.727455,2604.019125,"Boise,ID -> SaltLakeCity,UT -> Cheyenne,WY -> Denver,CO -> SantaFe,NM -> OklahomaCity,OK -> Topeka,KS -> JeffersonCity,MO -> Springfield,IL -> Indianapolis,IN -> Columbus,OH -> Lansing,MI -> Madison,WI -> Pierre,SD -> Bismarck,ND -> Helena,MT -> Olympia,WA -> Salem,OR -> CarsonCity,NV -> Sacramento,CA -> Boise,ID"
"Capital_Cities.txt",8,"Boston,MA",6000,"Greedy 1",870,926,5953.243048,0.041875,"Boston,MA -> Albany,NY -> Annapolis,MD -> Cheyenne,WY -> Nashville,TN -> Indianapolis,IN -> OklahomaCity,OK -> Atlanta,GA -> Columbia,SC -> Columbus,OH -> Concord,NH -> Boston,MA"
"Capital_Cities.txt",8,"Boston,MA",6000,"Greedy 2",1398,1454,5998.930695,0.120709,"Boston,MA -> Providence,RI -> Albany,NY -> Concord,NH -> Augusta,ME -> Annapolis,MD -> Dover,DE -> Trenton,NJ -> Columbus,OH -> Indianapolis,IN -> Nashville,TN -> Atlanta,GA -> Columbia,SC -> Raleigh,NC -> Richmond,VA -> Lansing,MI -> Springfield,IL -> JeffersonCity,MO -> OklahomaCity,OK -> Topeka,KS -> Lincoln,NE -> DesMoines,IA -> Madison,WI -> Frankfort,KY -> Hartford,CT -> Boston,MA"
"Capital_Cities.txt",8,"Boston,MA",6000,"P-MARL",1527,1583,5927.828466,3520.142583,"Boston,MA -> Concord,NH -> Augusta,ME -> Albany,NY -> Annapolis,MD -> Dover,DE -> Trenton,NJ -> Richmond,VA -> Raleigh,NC -> Columbia,SC -> Atlanta,GA -> Nashville,TN -> Indianapolis,IN -> Columbus,OH -> Lansing,MI -> Springfield,IL -> JeffersonCity,MO -> Topeka,KS -> Lincoln,NE -> OklahomaCity,OK -> LittleRock,AR -> Jackson,MS -> BatonRouge,LA -> Tallahassee,FL -> Montgomery,AL -> Providence,RI -> Boston,MA"
"Capital_Cities.txt",9,"CarsonCity,NV",6000,"Greedy 1",549,587,5934.885406,0.034375,"CarsonCity,NV -> Albany,NY -> Annapolis,MD -> Cheyenne,WY -> Helena,MT -> Salem,OR -> Olympia,WA -> CarsonCity,NV"
"Capital_Cities.txt",9,"CarsonCity,NV",6000,"Greedy 2",1159,1197,5995.258819,0.067875,"CarsonCity,NV -> Salem,OR -> Olympia,WA -> Helena,MT -> SaltLakeCity,UT -> Cheyenne,WY -> Denver,CO -> SantaFe,NM -> OklahomaCity,OK -> JeffersonCity,MO -> Springfield,IL -> Indianapolis,IN -> Columbus,OH -> Nashville,TN -> Jackson,MS -> LittleRock,AR -> CarsonCity,NV"
"Capital_Cities.txt",9,"CarsonCity,NV",6000,"P-MARL",1153,1191,5862.937633,2506.855125,"CarsonCity,NV -> Cheyenne,WY -> Denver,CO -> SantaFe,NM -> OklahomaCity,OK -> Topeka,KS -> Lincoln,NE -> DesMoines,IA -> Springfield,IL -> Indianapolis,IN -> Columbus,OH -> Nashville,TN -> Atlanta,GA -> Montgomery,AL -> Jackson,MS -> BatonRouge,LA -> Austin,TX -> Phoenix,AZ -> Sacramento,CA -> CarsonCity,NV"
"Capital_Cities.txt",10,"Charleston,WV",6000,"Greedy 1",830,846,5963.211249,0.032458,"Charleston,WV -> Albany,NY -> Annapolis,MD -> Cheyenne,WY -> Nashville,TN -> Indianapolis,IN -> OklahomaCity,OK -> Atlanta,GA -> Columbia,SC -> Columbus,OH -> Frankfort,KY -> Charleston,WV"
"Capital_Cities.txt",10,"Charleston,WV",6000,"Greedy 2",1464,1480,5994.016585,0.124750,"Charleston,WV -> Columbus,OH -> Indianapolis,IN -> Nashville,TN -> Atlanta,GA -> Columbia,SC -> Annapolis,MD -> Dover,DE -> Trenton,NJ -> Albany,NY -> Concord,NH -> Augusta,ME -> Providence,RI -> Boston,MA -> Lansing,MI -> Springfield,IL -> JeffersonCity,MO -> OklahomaCity,OK -> Austin,TX -> Jackson,MS -> BatonRouge,LA -> Tallahassee,FL -> Montgomery,AL -> Raleigh,NC -> Charleston,WV"
"Capital_Cities.txt",10,"Charleston,WV",6000,"P-MARL",1567,1583,5863.658472,3611.411000,"Charleston,WV -> Annapolis,MD -> Dover,DE -> Trenton,NJ -> Albany,NY -> Concord,NH -> Augusta,ME -> Providence,RI -> Boston,MA -> Hartford,CT -> Harrisburg,PA -> Richmond,VA -> Raleigh,NC -> Columbia,SC -> JeffersonCity,MO -> DesMoines,IA -> Lincoln,NE -> Topeka,KS -> OklahomaCity,OK -> LittleRock,AR -> Jackson,MS -> BatonRouge,LA -> Atlanta,GA -> Nashville,TN -> Frankfort,KY -> Indianapolis,IN -> Springfield,IL -> Lansing,MI -> Columbus,OH -> Charleston,WV"
"Capital_Cities.txt",11,"Cheyenne,WY",6000,"Greedy 1",695,887,5984.452096,0.034834,"Cheyenne,WY -> Albany,NY -> Annapolis,MD -> Nashville,TN -> Helena,MT -> Salem,OR -> SaltLakeCity,UT -> SantaFe,NM -> Denver,CO -> Cheyenne,WY"
"Capital_Cities.txt",11,"Cheyenne,WY",6000,"Greedy 2",1526,1718,5896.427078,0.096583,"Cheyenne,WY -> Denver,CO -> SantaFe,NM -> OklahomaCity,OK -> JeffersonCity,MO -> Springfield,IL -> Indianapolis,IN -> Columbus,OH -> Nashville,TN -> Atlanta,GA -> Columbia,SC -> Annapolis,MD -> Dover,DE -> Trenton,NJ -> Albany,NY -> Concord,NH -> Augusta,ME -> Providence,RI -> Boston,MA -> Lansing,MI -> Madison,WI -> DesMoines,IA -> Lincoln,NE -> Topeka,KS -> Pierre,SD -> Cheyenne,WY"
"Capital_Cities.txt",11,"Cheyenne,WY",6000,"P-MARL",1265,1457,5504.708057,3246.775166,"Cheyenne,WY -> Indianapolis,IN -> Columbus,OH -> Annapolis,MD -> Dover,DE -> Trenton,NJ -> Concord,NH -> Boston,MA -> Providence,RI -> Albany,NY -> Augusta,ME -> Richmond,VA -> Raleigh,NC -> Columbia,SC -> Atlanta,GA -> Nashville,TN -> Jackson,MS -> BatonRouge,LA -> LittleRock,AR -> Topeka,KS -> Lincoln,NE -> Denver,CO -> Cheyenne,WY"
"Capital_Cities.txt",12,"Columbia,SC",6000,"Greedy 1",722,886,5947.519918,0.036500,"Columbia,SC -> Albany,NY -> Annapolis,MD -> Cheyenne,WY -> Nashville,TN -> Indianapolis,IN -> OklahomaCity,OK -> Atlanta,GA -> Tallahassee,FL -> Montgomery,AL -> Columbia,SC"
"Capital_Cities.txt",12,"Columbia,SC",6000,"Greedy 2",1382,1546,5729.301834,0.089250,"Columbia,SC -> Atlanta,GA -> Nashville,TN -> Indianapolis,IN -> Columbus,OH -> Annapolis,MD -> Dover,DE -> Trenton,NJ -> Albany,NY -> Concord,NH -> Augusta,ME -> Providence,RI -> Boston,MA -> Lansing,MI -> Springfield,IL -> JeffersonCity,MO -> OklahomaCity,OK -> Austin,TX -> Jackson,MS -> BatonRouge,LA -> Tallahassee,FL -> Montgomery,AL -> Raleigh,NC -> Columbia,SC"
"Capital_Cities.txt",12,"Columbia,SC",6000,"P-MARL",1493,1657,5919.744169,3399.556125,"Columbia,SC -> Annapolis,MD -> Dover,DE -> Trenton,NJ -> Albany,NY -> Concord,NH -> Boston,MA -> Providence,RI -> Augusta,ME -> Lansing,MI -> Springfield,IL -> JeffersonCity,MO -> Topeka,KS -> Lincoln,NE -> DesMoines,IA -> OklahomaCity,OK -> LittleRock,AR -> Jackson,MS -> BatonRouge,LA -> Tallahassee,FL -> Montgomery,AL -> Atlanta,GA -> Nashville,TN -> Indianapolis,IN -> Columbus,OH -> Raleigh,NC -> Columbia,SC"
"Capital_Cities.txt",13,"Columbus,OH",6000,"Greedy 1",803,957,5897.436275,0.035000,"Columbus,OH -> Albany,NY -> Annapolis,MD -> Cheyenne,WY -> Nashville,TN -> Indianapolis,IN -> OklahomaCity,OK -> Atlanta,GA -> Columbia,SC -> Raleigh,NC -> Richmond,VA -> Charleston,WV -> Columbus,OH"
"Capital_Cities.txt",13,"Columbus,OH",6000,"Greedy 2",1395,1549,5994.016585,0.096542,"Columbus,OH -> Indianapolis,IN -> Nashville,TN -> Atlanta,GA -> Columbia,SC -> Annapolis,MD -> Dover,DE -> Trenton,NJ -> Albany,NY -> Concord,NH -> Augusta,ME -> Providence,RI -> Boston,MA -> Lansing,MI -> Springfield,IL -> JeffersonCity,MO -> OklahomaCity,OK -> Austin,TX -> Jackson,MS -> BatonRouge,LA -> Tallahassee,FL -> Montgomery,AL -> Raleigh,NC -> Charleston,WV -> Columbus,OH"
"Capital_Cities.txt",13,"Columbus,OH",6000,"P-MARL",1469,1623,5930.828410,3641.113375,"Columbus,OH -> Annapolis,MD -> Dover,DE -> Trenton,NJ -> Albany,NY -> Concord,NH -> Boston,MA -> Providence,RI -> Augusta,ME -> Lansing,MI -> Madison,WI -> DesMoines,IA -> Lincoln,NE -> Topeka,KS -> OklahomaCity,OK -> Austin,TX -> BatonRouge,LA -> Jackson,MS -> LittleRock,AR -> JeffersonCity,MO -> Springfield,IL -> Nashville,TN -> Atlanta,GA -> Columbia,SC -> Raleigh,NC -> Richmond,VA -> Harrisburg,PA -> Columbus,OH"
"Capital_Cities.txt",14,"Concord,NH",6000,"Greedy 1",878,1002,5959.200487,0.030375,"Concord,NH -> Albany,NY -> Annapolis,MD -> Cheyenne,WY -> Nashville,TN -> Indianapolis,IN -> OklahomaCity,OK -> Atlanta,GA -> Columbia,SC -> Columbus,OH -> Providence,RI -> Boston,MA -> Concord,NH"
"Capital_Cities.txt",14,"Concord,NH",6000,"Greedy 2",1342,1466,5934.318286,0.100083,"Concord,NH -> Albany,NY -> Annapolis,MD -> Dover,DE -> Trenton,NJ -> Providence,RI -> Boston,MA -> Augusta,ME -> Columbus,OH -> Indianapolis,IN -> Nashville,TN -> Atlanta,GA -> Columbia,SC -> Raleigh,NC -> Richmond,VA -> Lansing,MI -> Springfield,IL -> JeffersonCity,MO -> OklahomaCity,OK -> Topeka,KS -> Lincoln,NE -> DesMoines,IA -> Madison,WI -> Montpelier,VT -> Concord,NH"
"Capital_Cities.txt",14,"Concord,NH",6000,"P-MARL",1460,1584,5858.356111,3625.846625,"Concord,NH -> Annapolis,MD -> Dover,DE -> Trenton,NJ -> Harrisburg,PA -> Columbus,OH -> Lansing,MI -> Springfield,IL -> JeffersonCity,MO -> DesMoines,IA -> Lincoln,NE -> Topeka,KS -> OklahomaCity,OK -> LittleRock,AR -> Jackson,MS -> BatonRouge,LA -> Tallahassee,FL -> Atlanta,GA -> Nashville,TN -> Indianapolis,IN -> Frankfort,KY -> Columbia,SC -> Raleigh,NC -> Richmond,VA -> Providence,RI -> Boston,MA -> Augusta,ME -> Montpelier,VT -> Concord,NH"
"Capital_Cities.txt",15,"Denver,CO",6000,"Greedy 1",565,683,5874.779218,0.030375,"Denver,CO -> Albany,NY -> Annapolis,MD -> Cheyenne,WY -> Nashville,TN -> Indianapolis,IN -> OklahomaCity,OK -> Denver,CO"
"Capital_Cities.txt",15,"Denver,CO",6000,"Greedy 2",1221,1339,5951.157049,0.083958,"Denver,CO -> Cheyenne,WY -> SaltLakeCity,UT -> Helena,MT -> Salem,OR -> Olympia,WA -> Boise,ID -> SantaFe,NM -> OklahomaCity,OK -> JeffersonCity,MO -> Springfield,IL -> Indianapolis,IN -> Columbus,OH -> Nashville,TN -> Atlanta,GA -> Jackson,MS -> LittleRock,AR -> Denver,CO"
"Capital_Cities.txt",15,"Denver,CO",6000,"P-MARL",1152,1270,5972.060454,3228.545166,"Denver,CO -> Columbus,OH -> Annapolis,MD -> Dover,DE -> Trenton,NJ -> Albany,NY -> Concord,NH -> Boston,MA -> Providence,RI -> Hartford,CT -> Columbia,SC -> Atlanta,GA -> Jackson,MS -> BatonRouge,LA -> LittleRock,AR -> OklahomaCity,OK -> SantaFe,NM -> Cheyenne,WY -> Pierre,SD -> Bismarck,ND -> Denver,CO"
"Capital_Cities.txt",16,"DesMoines,IA",6000,"Greedy 1",705,801,5905.221811,0.029625,"DesMoines,IA -> Albany,NY -> Annapolis,MD -> Cheyenne,WY -> Nashville,TN -> Indianapolis,IN -> OklahomaCity,OK -> Jackson,MS -> JeffersonCity,MO -> DesMoines,IA"
"Capital_Cities.txt",16,"DesMoines,IA",6000,"Greedy 2",1460,1556,5969.565342,0.081750,"DesMoines,IA -> JeffersonCity,MO -> Springfield,IL -> Indianapolis,IN -> Columbus,OH -> Nashville,TN -> Atlanta,GA -> Columbia,SC -> Annapolis,MD -> Dover,DE -> Trenton,NJ -> Albany,NY -> Concord,NH -> Augusta,ME -> Providence,RI -> Boston,MA -> Lansing,MI -> Madison,WI -> OklahomaCity,OK -> Austin,TX -> Jackson,MS -> LittleRock,AR -> Topeka,KS -> Lincoln,NE -> DesMoines,IA"
"Capital_Cities.txt",16,"DesMoines,IA",6000,"P-MARL",1283,1379,5941.331729,3398.160458,"DesMoines,IA -> Annapolis,MD -> Dover,DE -> Trenton,NJ -> Albany,NY -> Concord,NH -> Boston,MA -> Providence,RI -> Augusta,ME -> Columbia,SC -> Atlanta,GA -> Nashville,TN -> Jackson,MS -> BatonRouge,LA -> OklahomaCity,OK -> Topeka,KS -> Lincoln,NE -> Cheyenne,WY -> Denver,CO -> Pierre,SD -> Bismarck,ND -> DesMoines,IA"
"Capital_Cities.txt",17,"Dover,DE",6000,"Greedy 1",841,901,5895.766613,0.031459,"Dover,DE -> Albany,NY -> Annapolis,MD -> Cheyenne,WY -> Nashville,TN -> Indianapolis,IN -> OklahomaCity,OK -> Atlanta,GA -> Columbia,SC -> Columbus,OH -> Trenton,NJ -> Dover,DE"
"Capital_Cities.txt",17,"Dover,DE",6000,"Greedy 2",1394,1454,5979.035847,0.078833,"Dover,DE -> Annapolis,MD -> Albany,NY -> Concord,NH -> Augusta,ME -> Providence,RI -> Boston,MA -> Trenton,NJ -> Columbus,OH -> Indianapolis,IN -> Nashville,TN -> Atlanta,GA -> Columbia,SC -> Raleigh,NC -> Richmond,VA -> Lansing,MI -> Springfield,IL -> JeffersonCity,MO -> OklahomaCity,OK -> Austin,TX -> Jackson,MS -> Tallahassee,FL -> Dover,DE"
"Capital_Cities.txt",17,"Dover,DE",6000,"P-MARL",1501,1561,5950.022969,3368.386375,"Dover,DE -> Annapolis,MD -> Trenton,NJ -> Albany,NY -> Concord,NH -> Boston,MA -> Providence,RI -> Augusta,ME -> Indianapolis,IN -> Springfield,IL -> JeffersonCity,MO -> Topeka,KS -> Lincoln,NE -> DesMoines,IA -> Madison,WI -> Lansing,MI -> Columbus,OH -> Frankfort,KY -> Nashville,TN -> Jackson,MS -> BatonRouge,LA -> Tallahassee,FL -> Atlanta,GA -> Columbia,SC -> Raleigh,NC -> Richmond,VA -> Harrisburg,PA -> Charleston,WV -> Dover,DE"
"Capital_Cities.txt",18,"Frankfort,KY",6000,"Greedy 1",808,852,5937.595976,0.051834,"Frankfort,KY -> Albany,NY -> Annapolis,MD -> Cheyenne,WY -> Nashville,TN -> Indianapolis,IN -> OklahomaCity,OK -> Atlanta,GA -> Columbia,SC -> Columbus,OH -> Frankfort,KY"
"Capital_Cities.txt",18,"Frankfort,KY",6000,"Greedy 2",1436,1480,5998.950942,0.103708,"Frankfort,KY -> Indianapolis,IN -> Columbus,OH -> Nashville,TN -> Atlanta,GA -> Columbia,SC -> Annapolis,MD -> Dover,DE -> Trenton,NJ -> Albany,NY -> Concord,NH -> Augusta,ME -> Providence,RI -> Boston,MA -> Lansing,MI -> Springfield,IL -> JeffersonCity,MO -> OklahomaCity,OK -> Austin,TX -> Jackson,MS -> BatonRouge,LA -> Tallahassee,FL -> Montgomery,AL -> Charleston,WV -> Frankfort,KY"
"Capital_Cities.txt",18,"Frankfort,KY",6000,"P-MARL",1214,1258,5932.164543,3577.023500,"Frankfort,KY -> Annapolis,MD -> Dover,DE -> Trenton,NJ -> Albany,NY -> Concord,NH -> Boston,MA -> Providence,RI -> Augusta,ME -> Topeka,KS -> OklahomaCity,OK -> LittleRock,AR -> Jackson,MS -> BatonRouge,LA -> Tallahassee,FL -> Atlanta,GA -> Columbia,SC -> Raleigh,NC -> DesMoines,IA -> Springfield,IL -> Indianapolis,IN -> Frankfort,KY"
"Capital_Cities.txt",19,"Harrisburg,PA",6000,"Greedy 1",861,885,5989.459759,0.032250,"Harrisburg,PA -> Albany,NY -> Annapolis,MD -> Cheyenne,WY -> Nashville,TN -> Indianapolis,IN -> OklahomaCity,OK -> Atlanta,GA -> Columbia,SC -> Columbus,OH -> Lansing,MI -> Harrisburg,PA"
"Capital_Cities.txt",19,"Harrisburg,PA",6000,"Greedy 2",1434,1458,5998.334194,0.091792,"Harrisburg,PA -> Annapolis,MD -> Dover,DE -> Trenton,NJ -> Albany,NY -> Concord,NH -> Augusta,ME -> Providence,RI -> Boston,MA -> Columbus,OH -> Indianapolis,IN -> Nashville,TN -> Atlanta,GA -> Columbia,SC -> Raleigh,NC -> Richmond,VA -> Lansing,MI -> Springfield,IL -> JeffersonCity,MO -> OklahomaCity,OK -> Austin,TX -> Jackson,MS -> LittleRock,AR -> Frankfort,KY -> Charleston,WV -> Harrisburg,PA"
"Capital_Cities.txt",19,"Harrisburg,PA",6000,"P-MARL",1582,1606,5986.925041,3362.898083,"Harrisburg,PA -> Annapolis,MD -> Dover,DE -> Trenton,NJ -> Albany,NY -> Providence,RI -> Boston,MA -> Concord,NH -> Augusta,ME -> Indianapolis,IN -> Columbus,OH -> Lansing,MI -> Springfield,IL -> JeffersonCity,MO -> DesMoines,IA -> Lincoln,NE -> Topeka,KS -> OklahomaCity,OK -> Austin,TX -> Jackson,MS -> BatonRouge,LA -> Atlanta,GA -> Nashville,TN -> Frankfort,KY -> Columbia,SC -> Raleigh,NC -> Richmond,VA -> Harrisburg,PA"
"Capital_Cities.txt",0,"Albany,NY",8000,"Greedy 1",656,856,7997.183004,0.029333,"Albany,NY -> Annapolis,MD -> Cheyenne,WY -> Nashville,TN -> Helena,MT -> Salem,OR -> Indianapolis,IN -> Atlanta,GA -> Harrisburg,PA -> Albany,NY"
"Capital_Cities.txt",0,"Albany,NY",8000,"Greedy 2",1640,1840,7946.239309,0.127375,"Albany,NY -> Concord,NH -> Augusta,ME -> Providence,RI -> Boston,MA -> Annapolis,MD -> Dover,DE -> Trenton,NJ -> Columbus,OH -> Indianapolis,IN -> Nashville,TN -> Atlanta,GA -> Columbia,SC -> Raleigh,NC -> Richmond,VA -> Lansing,MI -> Springfield,IL -> JeffersonCity,MO -> OklahomaCity,OK -> Austin,TX -> Jackson,MS -> BatonRouge,LA -> Tallahassee,FL -> Montgomery,AL -> LittleRock,AR -> Topeka,KS -> Lincoln,NE -> DesMoines,IA -> Madison,WI -> Frankfort,KY -> Charleston,WV -> Harrisburg,PA -> Hartford,CT -> Albany,NY"
"Capital_Cities.txt",0,"Albany,NY",8000,"P-MARL",1843,2043,7992.192480,4204.857208,"Albany,NY -> Annapolis,MD -> Dover,DE -> Trenton,NJ -> Harrisburg,PA -> Richmond,VA -> Raleigh,NC -> Columbia,SC -> Atlanta,GA -> Nashville,TN -> Indianapolis,IN -> Columbus,OH -> Lansing,MI -> Springfield,IL -> JeffersonCity,MO -> Topeka,KS -> Lincoln,NE -> DesMoines,IA -> Cheyenne,WY -> Denver,CO -> SantaFe,NM -> OklahomaCity,OK -> Austin,TX -> BatonRouge,LA -> Jackson,MS -> LittleRock,AR -> Tallahassee,FL -> Montgomery,AL -> Frankfort,KY -> Charleston,WV -> Concord,NH -> Augusta,ME -> Boston,MA -> Providence,RI -> Hartford,CT -> Albany,NY"
"Capital_Cities.txt",1,"Annapolis,MD",8000,"Greedy 1",794,990,7967.218251,0.034041,"Annapolis,MD -> Albany,NY -> Cheyenne,WY -> Nashville,TN -> Helena,MT -> Salem,OR -> Indianapolis,IN -> Atlanta,GA -> Columbia,SC -> Raleigh,NC -> Dover,DE -> Annapolis,MD"
"Capital_Cities.txt",1,"Annapolis,MD",8000,"Greedy 2",1639,1835,7728.870508,0.121042,"Annapolis,MD -> Dover,DE -> Trenton,NJ -> Albany,NY -> Concord,NH -> Augusta,ME -> Providence,RI -> Boston,MA -> Columbus,OH -> Indianapolis,IN -> Nashville,TN -> Atlanta,GA -> Columbia,SC -> Raleigh,NC -> Richmond,VA -> Lansing,MI -> Springfield,IL -> JeffersonCity,MO -> OklahomaCity,OK -> Austin,TX -> Jackson,MS -> BatonRouge,LA -> Tallahassee,FL -> Montgomery,AL -> LittleRock,AR -> Topeka,KS -> Lincoln,NE -> DesMoines,IA -> Madison,WI -> Frankfort,KY -> Charleston,WV -> Harrisburg,PA -> Annapolis,MD"
"Capital_Cities.txt",1,"Annapolis,MD",8000,"P-MARL",1764,1960,7746.767374,4130.705542,"Annapolis,MD -> Dover,DE -> Trenton,NJ -> Albany,NY -> Concord,NH -> Augusta,ME -> Boston,MA -> Providence,RI -> Hartford,CT -> Indianapolis,IN -> Springfield,IL -> JeffersonCity,MO -> Topeka,KS -> Lincoln,NE -> DesMoines,IA -> Cheyenne,WY -> Denver,CO -> SantaFe,NM -> OklahomaCity,OK -> Austin,TX -> Jackson,MS -> BatonRouge,LA -> Atlanta,GA -> Columbia,SC -> Raleigh,NC -> Richmond,VA -> Columbus,OH -> Lansing,MI -> Madison,WI -> Nashville,TN -> Frankfort,KY -> Charleston,WV -> Harrisburg,PA -> Annapolis,MD"
"Capital_Cities.txt",2,"Atlanta,GA",8000,"Greedy 1",660,828,7997.107285,0.032750,"Atlanta,GA -> Albany,NY -> Annapolis,MD -> Cheyenne,WY -> Nashville,TN -> Helena,MT -> Salem,OR -> Indianapolis,IN -> Atlanta,GA"
"Capital_Cities.txt",2,"Atlanta,GA",8000,"Greedy 2",1633,1801,7790.534240,0.104084,"Atlanta,GA -> Nashville,TN -> Indianapolis,IN -> Columbus,OH -> Annapolis,MD -> Dover,DE -> Trenton,NJ -> Albany,NY -> Concord,NH -> Augusta,ME -> Providence,RI -> Boston,MA -> Columbia,SC -> Raleigh,NC -> Richmond,VA -> Lansing,MI -> Springfield,IL -> JeffersonCity,MO -> OklahomaCity,OK -> Austin,TX -> Jackson,MS -> BatonRouge,LA -> Tallahassee,FL -> Montgomery,AL -> LittleRock,AR -> Topeka,KS -> Lincoln,NE -> DesMoines,IA -> Madison,WI -> Frankfort,KY -> Atlanta,GA"
"Capital_Cities.txt",2,"Atlanta,GA",8000,"P-MARL",1690,1858,7932.886004,4106.858125,"Atlanta,GA -> Annapolis,MD -> Dover,DE -> Trenton,NJ -> Albany,NY -> Concord,NH -> Boston,MA -> Providence,RI -> Augusta,ME -> Columbus,OH -> Indianapolis,IN -> Springfield,IL -> JeffersonCity,MO -> DesMoines,IA -> Lincoln,NE -> Topeka,KS -> OklahomaCity,OK -> Cheyenne,WY -> Denver,CO -> SantaFe,NM -> Austin,TX -> Jackson,MS -> BatonRouge,LA -> Tallahassee,FL -> Montgomery,AL -> Nashville,TN -> Frankfort,KY -> Lansing,MI -> Madison,WI -> Charleston,WV -> Atlanta,GA"
"Capital_Cities.txt",3,"Augusta,ME",8000,"Greedy 1",827,975,7971.063142,0.031083,"Augusta,ME -> Albany,NY -> Annapolis,MD -> Cheyenne,WY -> Nashville,TN -> Helena,MT -> Salem,OR -> Indianapolis,IN -> Columbus,OH -> Concord,NH -> Boston,MA -> Augusta,ME"
"Capital_Cities.txt",3,"Augusta,ME",8000,"Greedy 2",1624,1772,7874.943451,0.114000,"Augusta,ME -> Concord,NH -> Albany,NY -> Annapolis,MD -> Dover,DE -> Trenton,NJ -> Providence,RI -> Boston,MA -> Columbus,OH -> Indianapolis,IN -> Nashville,TN -> Atlanta,GA -> Columbia,SC -> Raleigh,NC -> Richmond,VA -> Lansing,MI -> Springfield,IL -> JeffersonCity,MO -> OklahomaCity,OK -> Austin,TX -> Jackson,MS -> BatonRouge,LA -> Tallahassee,FL -> Montgomery,AL -> LittleRock,AR -> Topeka,KS -> Lincoln,NE -> DesMoines,IA -> Madison,WI -> Montpelier,VT -> Augusta,ME"
"Capital_Cities.txt",3,"Augusta,ME",8000,"P-MARL",1794,1942,7919.957037,4170.064208,"Augusta,ME -> Annapolis,MD -> Dover,DE -> Trenton,NJ -> Harrisburg,PA -> Columbus,OH -> Lansing,MI -> Springfield,IL -> JeffersonCity,MO -> Topeka,KS -> Lincoln,NE -> DesMoines,IA -> Cheyenne,WY -> Denver,CO -> SantaFe,NM -> OklahomaCity,OK -> Austin,TX -> BatonRouge,LA -> Jackson,MS -> LittleRock,AR -> Nashville,TN -> Indianapolis,IN -> Frankfort,KY -> Columbia,SC -> Atlanta,GA -> Tallahassee,FL -> Montgomery,AL -> Providence,RI -> Boston,MA -> Albany,NY -> Concord,NH -> Augusta,ME"
"Capital_Cities.txt",4,"Austin,TX",8000,"Greedy 1",691,821,7940.078794,0.028833,"Austin,TX -> Albany,NY -> Annapolis,MD -> Cheyenne,WY -> Nashville,TN -> Helena,MT -> OklahomaCity,OK -> Jackson,MS -> BatonRouge,LA -> Austin,TX"
"Capital_Cities.txt",4,"Austin,TX",8000,"Greedy 2",1800,1930,7973.435132,0.099791,"Austin,TX -> OklahomaCity,OK -> JeffersonCity,MO -> Springfield,IL -> Indianapolis,IN -> Columbus,OH -> Nashville,TN -> Atlanta,GA -> Columbia,SC -> Annapolis,MD -> Dover,DE -> Trenton,NJ -> Albany,NY -> Concord,NH -> Augusta,ME -> Providence,RI -> Boston,MA -> Lansing,MI -> Madison,WI -> DesMoines,IA -> Lincoln,NE -> Topeka,KS -> Cheyenne,WY -> Denver,CO -> SantaFe,NM -> SaltLakeCity,UT -> Helena,MT -> Pierre,SD -> Austin,TX"
"Capital_Cities.txt",4,"Austin,TX",8000,"P-MARL",1628,1758,7691.382014,4014.219375,"Austin,TX -> Annapolis,MD -> Dover,DE -> Trenton,NJ -> Albany,NY -> Boston,MA -> Providence,RI -> Concord,NH -> Augusta,ME -> Columbus,OH -> Indianapolis,IN -> Frankfort,KY -> Lansing,MI -> Madison,WI -> Cheyenne,WY -> Denver,CO -> SantaFe,NM -> OklahomaCity,OK -> Topeka,KS -> Lincoln,NE -> DesMoines,IA -> Springfield,IL -> JeffersonCity,MO -> Nashville,TN -> Atlanta,GA -> Jackson,MS -> BatonRouge,LA -> Austin,TX"
"Capital_Cities.txt",5,"BatonRouge,LA",8000,"Greedy 1",725,825,7860.582205,0.028125,"BatonRouge,LA -> Albany,NY -> Annapolis,MD -> Cheyenne,WY -> Nashville,TN -> Helena,MT -> Indianapolis,IN -> Atlanta,GA -> Jackson,MS -> BatonRouge,LA"
"Capital_Cities.txt",5,"BatonRouge,LA",8000,"Greedy 2",1880,1980,7973.284242,0.093291,"BatonRouge,LA -> Jackson,MS -> Nashville,TN -> Atlanta,GA -> Columbia,SC -> Annapolis,MD -> Dover,DE -> Trenton,NJ -> Albany,NY -> Concord,NH -> Augusta,ME -> Providence,RI -> Boston,MA -> Columbus,OH -> Indianapolis,IN -> Springfield,IL -> JeffersonCity,MO -> OklahomaCity,OK -> Austin,TX -> SantaFe,NM -> Cheyenne,WY -> Denver,CO -> SaltLakeCity,UT -> Helena,MT -> Boise,ID -> Pierre,SD -> Lincoln,NE -> Topeka,KS -> LittleRock,AR -> BatonRouge,LA"
"Capital_Cities.txt",5,"BatonRouge,LA",8000,"P-MARL",1671,1771,7651.861890,4087.223083,"BatonRouge,LA -> Annapolis,MD -> Dover,DE -> Trenton,NJ -> Albany,NY -> Providence,RI -> Boston,MA -> Concord,NH -> Augusta,ME -> Columbus,OH -> Indianapolis,IN -> Springfield,IL -> JeffersonCity,MO -> Topeka,KS -> Lincoln,NE -> DesMoines,IA -> Cheyenne,WY -> Denver,CO -> SantaFe,NM -> Phoenix,AZ -> SaltLakeCity,UT -> Helena,MT -> Bismarck,ND -> Pierre,SD -> OklahomaCity,OK -> LittleRock,AR -> Jackson,MS -> BatonRouge,LA"
"Capital_Cities.txt",6,"Bismarck,ND",8000,"Greedy 1",771,857,7752.005218,0.029083,"Bismarck,ND -> Albany,NY -> Annapolis,MD -> Cheyenne,WY -> Nashville,TN -> Helena,MT -> Salem,OR -> SaltLakeCity,UT -> Denver,CO -> Pierre,SD -> Bismarck,ND"
"Capital_Cities.txt",6,"Bismarck,ND",8000,"Greedy 2",1808,1894,7868.515370,0.094333,"Bismarck,ND -> Pierre,SD -> Cheyenne,WY -> Denver,CO -> SantaFe,NM -> OklahomaCity,OK -> JeffersonCity,MO -> Springfield,IL -> Indianapolis,IN -> Columbus,OH -> Nashville,TN -> Atlanta,GA -> Columbia,SC -> Annapolis,MD -> Dover,DE -> Trenton,NJ -> Albany,NY -> Concord,NH -> Augusta,ME -> Providence,RI -> Boston,MA -> Lansing,MI -> Madison,WI -> DesMoines,IA -> Lincoln,NE -> Topeka,KS -> Jackson,MS -> BatonRouge,LA -> Austin,TX -> Bismarck,ND"
"Capital_Cities.txt",6,"Bismarck,ND",8000,"P-MARL",1653,1739,7721.236429,3990.489958,"Bismarck,ND -> Annapolis,MD -> Dover,DE -> Trenton,NJ -> Albany,NY -> Concord,NH -> Boston,MA -> Providence,RI -> Augusta,ME -> Columbia,SC -> Atlanta,GA -> Nashville,TN -> Jackson,MS -> BatonRouge,LA -> Austin,TX -> OklahomaCity,OK -> Topeka,KS -> Lincoln,NE -> DesMoines,IA -> JeffersonCity,MO -> Springfield,IL -> Indianapolis,IN -> Columbus,OH -> Cheyenne,WY -> Denver,CO -> Pierre,SD -> Bismarck,ND"
"Capital_Cities.txt",7,"Boise,ID",8000,"Greedy 1",657,731,7874.080369,0.039042,"Boise,ID -> Albany,NY -> Annapolis,MD -> Cheyenne,WY -> Nashville,TN -> Helena,MT -> Salem,OR -> SaltLakeCity,UT -> Boise,ID"
"Capital_Cities.txt",7,"Boise,ID",8000,"Greedy 2",1843,1917,7586.341275,0.095458,"Boise,ID -> Helena,MT -> SaltLakeCity,UT -> Cheyenne,WY -> Denver,CO -> SantaFe,NM -> OklahomaCity,OK -> JeffersonCity,MO -> Springfield,IL -> Indianapolis,IN -> Columbus,OH -> Nashville,TN -> Atlanta,GA -> Columbia,SC -> Annapolis,MD -> Dover,DE -> Trenton,NJ -> Albany,NY -> Concord,NH -> Augusta,ME -> Providence,RI -> Boston,MA -> Lansing,MI -> Madison,WI -> DesMoines,IA -> Lincoln,NE -> Topeka,KS -> Pierre,SD -> Bismarck,ND -> Boise,ID"
"Capital_Cities.txt",7,"Boise,ID",8000,"P-MARL",1892,1966,7904.105651,3901.937875,"Boise,ID -> Cheyenne,WY -> Denver,CO -> SantaFe,NM -> OklahomaCity,OK -> Topeka,KS -> Lincoln,NE -> DesMoines,IA -> JeffersonCity,MO -> Springfield,IL -> Indianapolis,IN -> Columbus,OH -> Annapolis,MD -> Dover,DE -> Trenton,NJ -> Albany,NY -> Concord,NH -> Boston,MA -> Providence,RI -> Hartford,CT -> Richmond,VA -> Raleigh,NC -> Columbia,SC -> Atlanta,GA -> Nashville,TN -> Jackson,MS -> BatonRouge,LA -> Austin,TX -> LittleRock,AR -> Pierre,SD -> Bismarck,ND -> Helena,MT -> Boise,ID"
"Capital_Cities.txt",8,"Boston,MA",8000,"Greedy 1",873,929,7953.798265,0.038416,"Boston,MA -> Albany,NY -> Annapolis,MD -> Cheyenne,WY -> Nashville,TN -> Helena,MT -> Salem,OR -> Indianapolis,IN -> Columbus,OH -> Augusta,ME -> Concord,NH -> Boston,MA"
"Capital_Cities.txt",8,"Boston,MA",8000,"Greedy 2",1682,1738,7834.619121,0.122541,"Boston,MA -> Providence,RI -> Albany,NY -> Concord,NH -> Augusta,ME -> Annapolis,MD -> Dover,DE -> Trenton,NJ -> Columbus,OH -> Indianapolis,IN -> Nashville,TN -> Atlanta,GA -> Columbia,SC -> Raleigh,NC -> Richmond,VA -> Lansing,MI -> Springfield,IL -> JeffersonCity,MO -> OklahomaCity,OK -> Austin,TX -> Jackson,MS -> BatonRouge,LA -> Tallahassee,FL -> Montgomery,AL -> LittleRock,AR -> Topeka,KS -> Lincoln,NE -> DesMoines,IA -> Madison,WI -> Harrisburg,PA -> Hartford,CT -> Boston,MA"
"Capital_Cities.txt",8,"Boston,MA",8000,"P-MARL",1750,1806,7897.334757,4146.077959,"Boston,MA -> Annapolis,MD -> Dover,DE -> Trenton,NJ -> Richmond,VA -> Raleigh,NC -> Columbia,SC -> Atlanta,GA -> Nashville,TN -> Indianapolis,IN -> Columbus,OH -> Lansing,MI -> Springfield,IL -> JeffersonCity,MO -> Topeka,KS -> Lincoln,NE -> DesMoines,IA -> Cheyenne,WY -> Denver,CO -> SantaFe,NM -> OklahomaCity,OK -> Austin,TX -> BatonRouge,LA -> Jackson,MS -> LittleRock,AR -> Tallahassee,FL -> Montgomery,AL -> Frankfort,KY -> Charleston,WV -> Harrisburg,PA -> Augusta,ME -> Providence,RI -> Boston,MA"
"Capital_Cities.txt",9,"CarsonCity,NV",8000,"Greedy 1",644,682,7924.835318,0.029333,"CarsonCity,NV -> Albany,NY -> Annapolis,MD -> Cheyenne,WY -> Nashville,TN -> Helena,MT -> Salem,OR -> Olympia,WA -> CarsonCity,NV"
"Capital_Cities.txt",9,"CarsonCity,NV",8000,"Greedy 2",1738,1776,7999.015182,0.082208,"CarsonCity,NV -> Salem,OR -> Olympia,WA -> Helena,MT -> SaltLakeCity,UT -> Cheyenne,WY -> Denver,CO -> SantaFe,NM -> OklahomaCity,OK -> JeffersonCity,MO -> Springfield,IL -> Indianapolis,IN -> Columbus,OH -> Nashville,TN -> Atlanta,GA -> Columbia,SC -> Annapolis,MD -> Dover,DE -> Trenton,NJ -> Albany,NY -> Concord,NH -> Augusta,ME -> Providence,RI -> Lansing,MI -> Madison,WI -> CarsonCity,NV"
"Capital_Cities.txt",9,"CarsonCity,NV",8000,"P-MARL",1753,1791,7687.570640,3613.472125,"CarsonCity,NV -> Cheyenne,WY -> Denver,CO -> OklahomaCity,OK -> Topeka,KS -> Lincoln,NE -> DesMoines,IA -> JeffersonCity,MO -> Springfield,IL -> Indianapolis,IN -> Columbus,OH -> Annapolis,MD -> Dover,DE -> Trenton,NJ -> Albany,NY -> Concord,NH -> Boston,MA -> Providence,RI -> Augusta,ME -> Columbia,SC -> Atlanta,GA -> Nashville,TN -> Jackson,MS -> BatonRouge,LA -> Austin,TX -> SantaFe,NM -> Phoenix,AZ -> Sacramento,CA -> CarsonCity,NV"
"Capital_Cities.txt",10,"Charleston,WV",8000,"Greedy 1",790,806,7953.490123,0.030292,"Charleston,WV -> Albany,NY -> Annapolis,MD -> Cheyenne,WY -> Nashville,TN -> Helena,MT -> Salem,OR -> Indianapolis,IN -> Columbus,OH -> Lansing,MI -> Charleston,WV"
"Capital_Cities.txt",10,"Charleston,WV",8000,"Greedy 2",1729,1745,7984.536177,0.135500,"Charleston,WV -> Columbus,OH -> Indianapolis,IN -> Nashville,TN -> Atlanta,GA -> Columbia,SC -> Annapolis,MD -> Dover,DE -> Trenton,NJ -> Albany,NY -> Concord,NH -> Augusta,ME -> Providence,RI -> Boston,MA -> Lansing,MI -> Springfield,IL -> JeffersonCity,MO -> OklahomaCity,OK -> Austin,TX -> Jackson,MS -> BatonRouge,LA -> Tallahassee,FL -> Montgomery,AL -> LittleRock,AR -> Topeka,KS -> Lincoln,NE -> DesMoines,IA -> Pierre,SD -> Bismarck,ND -> Madison,WI -> Charleston,WV"
"Capital_Cities.txt",10,"Charleston,WV",8000,"P-MARL",1555,1571,7995.164618,4279.106625,"Charleston,WV -> Annapolis,MD -> Dover,DE -> Trenton,NJ -> Albany,NY -> Concord,NH -> Boston,MA -> Providence,RI -> Augusta,ME -> Lansing,MI -> Madison,WI -> Frankfort,KY -> Nashville,TN -> Atlanta,GA -> Columbia,SC -> Raleigh,NC -> Cheyenne,WY -> Denver,CO -> SantaFe,NM -> OklahomaCity,OK -> Austin,TX -> BatonRouge,LA -> Jackson,MS -> LittleRock,AR -> Tallahassee,FL -> Montgomery,AL -> Columbus,OH -> Charleston,WV"
"Capital_Cities.txt",11,"Cheyenne,WY",8000,"Greedy 1",786,978,7929.887069,0.027666,"Cheyenne,WY -> Albany,NY -> Annapolis,MD -> Nashville,TN -> Helena,MT -> Salem,OR -> Indianapolis,IN -> OklahomaCity,OK -> SantaFe,NM -> Denver,CO -> Cheyenne,WY"
"Capital_Cities.txt",11,"Cheyenne,WY",8000,"Greedy 2",1742,1934,7669.069415,0.090458,"Cheyenne,WY -> Denver,CO -> SantaFe,NM -> OklahomaCity,OK -> JeffersonCity,MO -> Springfield,IL -> Indianapolis,IN -> Columbus,OH -> Nashville,TN -> Atlanta,GA -> Columbia,SC -> Annapolis,MD -> Dover,DE -> Trenton,NJ -> Albany,NY -> Concord,NH -> Augusta,ME -> Providence,RI -> Boston,MA -> Lansing,MI -> Madison,WI -> DesMoines,IA -> Lincoln,NE -> Topeka,KS -> Jackson,MS -> BatonRouge,LA -> Austin,TX -> SaltLakeCity,UT -> Cheyenne,WY"
"Capital_Cities.txt",11,"Cheyenne,WY",8000,"P-MARL",1952,2144,7990.638004,4039.541708,"Cheyenne,WY -> Denver,CO -> SantaFe,NM -> OklahomaCity,OK -> Topeka,KS -> Lincoln,NE -> DesMoines,IA -> Springfield,IL -> Indianapolis,IN -> Columbus,OH -> Annapolis,MD -> Dover,DE -> Trenton,NJ -> Albany,NY -> Providence,RI -> Boston,MA -> Concord,NH -> Augusta,ME -> Richmond,VA -> Raleigh,NC -> Columbia,SC -> Atlanta,GA -> Nashville,TN -> Jackson,MS -> BatonRouge,LA -> Austin,TX -> LittleRock,AR -> JeffersonCity,MO -> Pierre,SD -> Bismarck,ND -> Helena,MT -> SaltLakeCity,UT -> Cheyenne,WY"
"Capital_Cities.txt",12,"Columbia,SC",8000,"Greedy 1",682,846,7932.600717,0.027667,"Columbia,SC -> Albany,NY -> Annapolis,MD -> Cheyenne,WY -> Nashville,TN -> Helena,MT -> Salem,OR -> Indianapolis,IN -> Frankfort,KY -> Columbia,SC"
"Capital_Cities.txt",12,"Columbia,SC",8000,"Greedy 2",1620,1784,7999.679518,0.095375,"Columbia,SC -> Atlanta,GA -> Nashville,TN -> Indianapolis,IN -> Columbus,OH -> Annapolis,MD -> Dover,DE -> Trenton,NJ -> Albany,NY -> Concord,NH -> Augusta,ME -> Providence,RI -> Boston,MA -> Lansing,MI -> Springfield,IL -> JeffersonCity,MO -> OklahomaCity,OK -> Austin,TX -> Jackson,MS -> BatonRouge,LA -> Tallahassee,FL -> Montgomery,AL -> LittleRock,AR -> Topeka,KS -> Lincoln,NE -> DesMoines,IA -> Pierre,SD -> Bismarck,ND -> Columbia,SC"
"Capital_Cities.txt",12,"Columbia,SC",8000,"P-MARL",1515,1679,7669.934474,4156.602334,"Columbia,SC -> Annapolis,MD -> Dover,DE -> Trenton,NJ -> Albany,NY -> Concord,NH -> Boston,MA -> Providence,RI -> Augusta,ME -> Denver,CO -> SantaFe,NM -> OklahomaCity,OK -> Austin,TX -> BatonRouge,LA -> Jackson,MS -> LittleRock,AR -> Tallahassee,FL -> Montgomery,AL -> Nashville,TN -> Indianapolis,IN -> Columbus,OH -> Lansing,MI -> Springfield,IL -> JeffersonCity,MO -> Atlanta,GA -> Columbia,SC"
"Capital_Cities.txt",13,"Columbus,OH",8000,"Greedy 1",779,933,7968.485638,0.028292,"Columbus,OH -> Albany,NY -> Annapolis,MD -> Cheyenne,WY -> Nashville,TN -> Helena,MT -> Salem,OR -> Indianapolis,IN -> Springfield,IL -> Lansing,MI -> Columbus,OH"
"Capital_Cities.txt",13,"Columbus,OH",8000,"Greedy 2",1682,1836,7994.957586,0.104500,"Columbus,OH -> Indianapolis,IN -> Nashville,TN -> Atlanta,GA -> Columbia,SC -> Annapolis,MD -> Dover,DE -> Trenton,NJ -> Albany,NY -> Concord,NH -> Augusta,ME -> Providence,RI -> Boston,MA -> Lansing,MI -> Springfield,IL -> JeffersonCity,MO -> OklahomaCity,OK -> Austin,TX -> Jackson,MS -> BatonRouge,LA -> Tallahassee,FL -> Montgomery,AL -> LittleRock,AR -> Topeka,KS -> Lincoln,NE -> DesMoines,IA -> Cheyenne,WY -> Denver,CO -> Columbus,OH"
"Capital_Cities.txt",13,"Columbus,OH",8000,"P-MARL",1777,1931,7894.210414,4305.384667,"Columbus,OH -> Annapolis,MD -> Dover,DE -> Trenton,NJ -> Albany,NY -> Concord,NH -> Boston,MA -> Providence,RI -> Augusta,ME -> Lansing,MI -> Madison,WI -> DesMoines,IA -> Cheyenne,WY -> Denver,CO -> SantaFe,NM -> OklahomaCity,OK -> Austin,TX -> BatonRouge,LA -> Jackson,MS -> LittleRock,AR -> Nashville,TN -> Atlanta,GA -> Columbia,SC -> Raleigh,NC -> Springfield,IL -> JeffersonCity,MO -> Topeka,KS -> Lincoln,NE -> Indianapolis,IN -> Frankfort,KY -> Charleston,WV -> Columbus,OH"
"Capital_Cities.txt",14,"Concord,NH",8000,"Greedy 1",839,963,7966.948064,0.042334,"Concord,NH -> Albany,NY -> Annapolis,MD -> Cheyenne,WY -> Nashville,TN -> Helena,MT -> Salem,OR -> Indianapolis,IN -> Columbus,OH -> Augusta,ME -> Boston,MA -> Concord,NH"
"Capital_Cities.txt",14,"Concord,NH",8000,"Greedy 2",1636,1760,7956.877500,0.118667,"Concord,NH -> Albany,NY -> Annapolis,MD -> Dover,DE -> Trenton,NJ -> Providence,RI -> Boston,MA -> Augusta,ME -> Columbus,OH -> Indianapolis,IN -> Nashville,TN -> Atlanta,GA -> Columbia,SC -> Raleigh,NC -> Richmond,VA -> Lansing,MI -> Springfield,IL -> JeffersonCity,MO -> OklahomaCity,OK -> Austin,TX -> Jackson,MS -> BatonRouge,LA -> Tallahassee,FL -> Montgomery,AL -> LittleRock,AR -> Topeka,KS -> Lincoln,NE -> DesMoines,IA -> Madison,WI -> Montpelier,VT -> Concord,NH"
"Capital_Cities.txt",14,"Concord,NH",8000,"P-MARL",1751,1875,7889.394360,4228.155250,"Concord,NH -> Annapolis,MD -> Dover,DE -> Trenton,NJ -> Harrisburg,PA -> Richmond,VA -> Raleigh,NC -> Columbia,SC -> Atlanta,GA -> Nashville,TN -> Indianapolis,IN -> Columbus,OH -> Lansing,MI -> Springfield,IL -> JeffersonCity,MO -> Topeka,KS -> Lincoln,NE -> DesMoines,IA -> Cheyenne,WY -> Denver,CO -> SantaFe,NM -> OklahomaCity,OK -> Austin,TX -> BatonRouge,LA -> Jackson,MS -> LittleRock,AR -> Tallahassee,FL -> Montgomery,AL -> Providence,RI -> Boston,MA -> Augusta,ME -> Montpelier,VT -> Concord,NH"
"Capital_Cities.txt",15,"Denver,CO",8000,"Greedy 1",732,850,7850.556307,0.035542,"Denver,CO -> Albany,NY -> Annapolis,MD -> Cheyenne,WY -> Nashville,TN -> Helena,MT -> Salem,OR -> SaltLakeCity,UT -> SantaFe,NM -> Denver,CO"
"Capital_Cities.txt",15,"Denver,CO",8000,"Greedy 2",1885,2003,7981.370031,0.090166,"Denver,CO -> Cheyenne,WY -> SaltLakeCity,UT -> Helena,MT -> Salem,OR -> Olympia,WA -> Boise,ID -> SantaFe,NM -> OklahomaCity,OK -> JeffersonCity,MO -> Springfield,IL -> Indianapolis,IN -> Columbus,OH -> Nashville,TN -> Atlanta,GA -> Columbia,SC -> Annapolis,MD -> Dover,DE -> Trenton,NJ -> Albany,NY -> Concord,NH -> Augusta,ME -> Providence,RI -> Boston,MA -> Lansing,MI -> Madison,WI -> DesMoines,IA -> Lincoln,NE -> Topeka,KS -> Denver,CO"
"Capital_Cities.txt",15,"Denver,CO",8000,"P-MARL",1961,2079,7801.561357,3972.931084,"Denver,CO -> Cheyenne,WY -> SantaFe,NM -> OklahomaCity,OK -> Topeka,KS -> Lincoln,NE -> DesMoines,IA -> Springfield,IL -> Indianapolis,IN -> Columbus,OH -> Annapolis,MD -> Dover,DE -> Trenton,NJ -> Albany,NY -> Concord,NH -> Boston,MA -> Providence,RI -> Augusta,ME -> Richmond,VA -> Raleigh,NC -> Columbia,SC -> Atlanta,GA -> Nashville,TN -> Jackson,MS -> BatonRouge,LA -> LittleRock,AR -> JeffersonCity,MO -> Pierre,SD -> Bismarck,ND -> Helena,MT -> Boise,ID -> SaltLakeCity,UT -> Denver,CO"
"Capital_Cities.txt",16,"DesMoines,IA",8000,"Greedy 1",729,825,7918.675636,0.028750,"DesMoines,IA -> Albany,NY -> Annapolis,MD -> Cheyenne,WY -> Nashville,TN -> Helena,MT -> Salem,OR -> OklahomaCity,OK -> JeffersonCity,MO -> DesMoines,IA"
"Capital_Cities.txt",16,"DesMoines,IA",8000,"Greedy 2",1738,1834,7831.411992,0.096000,"DesMoines,IA -> JeffersonCity,MO -> Springfield,IL -> Indianapolis,IN -> Columbus,OH -> Nashville,TN -> Atlanta,GA -> Columbia,SC -> Annapolis,MD -> Dover,DE -> Trenton,NJ -> Albany,NY -> Concord,NH -> Augusta,ME -> Providence,RI -> Boston,MA -> Lansing,MI -> Madison,WI -> OklahomaCity,OK -> Austin,TX -> Jackson,MS -> BatonRouge,LA -> Tallahassee,FL -> Montgomery,AL -> LittleRock,AR -> Topeka,KS -> Lincoln,NE -> Cheyenne,WY -> Denver,CO -> DesMoines,IA"
"Capital_Cities.txt",16,"DesMoines,IA",8000,"P-MARL",1680,1776,7699.914122,4158.572042,"DesMoines,IA -> Cheyenne,WY -> Denver,CO -> SantaFe,NM -> SaltLakeCity,UT -> Helena,MT -> Pierre,SD -> Bismarck,ND -> Annapolis,MD -> Dover,DE -> Trenton,NJ -> Albany,NY -> Augusta,ME -> Concord,NH -> Boston,MA -> Providence,RI -> Hartford,CT -> Harrisburg,PA -> Richmond,VA -> Raleigh,NC -> Columbia,SC -> Atlanta,GA -> Nashville,TN -> Jackson,MS -> BatonRouge,LA -> Austin,TX -> OklahomaCity,OK -> Topeka,KS -> Lincoln,NE -> DesMoines,IA"
"Capital_Cities.txt",17,"Dover,DE",8000,"Greedy 1",806,866,7949.249873,0.030583,"Dover,DE -> Albany,NY -> Annapolis,MD -> Cheyenne,WY -> Nashville,TN -> Helena,MT -> Salem,OR -> Indianapolis,IN -> Columbia,SC -> Raleigh,NC -> Richmond,VA -> Dover,DE"
"Capital_Cities.txt",17,"Dover,DE",8000,"Greedy 2",1707,1767,7809.820358,0.117583,"Dover,DE -> Annapolis,MD -> Albany,NY -> Concord,NH -> Augusta,ME -> Providence,RI -> Boston,MA -> Trenton,NJ -> Columbus,OH -> Indianapolis,IN -> Nashville,TN -> Atlanta,GA -> Columbia,SC -> Raleigh,NC -> Richmond,VA -> Lansing,MI -> Springfield,IL -> JeffersonCity,MO -> OklahomaCity,OK -> Austin,TX -> Jackson,MS -> BatonRouge,LA -> Tallahassee,FL -> Montgomery,AL -> LittleRock,AR -> Topeka,KS -> Lincoln,NE -> DesMoines,IA -> Madison,WI -> Frankfort,KY -> Charleston,WV -> Harrisburg,PA -> Dover,DE"
"Capital_Cities.txt",17,"Dover,DE",8000,"P-MARL",1350,1410,7997.537314,4219.016958,"Dover,DE -> Concord,NH -> Augusta,ME -> OklahomaCity,OK -> SantaFe,NM -> Denver,CO -> Cheyenne,WY -> Pierre,SD -> Bismarck,ND -> Lincoln,NE -> Topeka,KS -> JeffersonCity,MO -> Springfield,IL -> DesMoines,IA -> Madison,WI -> Lansing,MI -> Jackson,MS -> BatonRouge,LA -> Austin,TX -> Columbia,SC -> Raleigh,NC -> Richmond,VA -> Annapolis,MD -> Harrisburg,PA -> Dover,DE"
"Capital_Cities.txt",18,"Frankfort,KY",8000,"Greedy 1",745,789,7868.593631,0.029459,"Frankfort,KY -> Albany,NY -> Annapolis,MD -> Cheyenne,WY -> Nashville,TN -> Helena,MT -> Salem,OR -> Indianapolis,IN -> Columbus,OH -> Charleston,WV -> Frankfort,KY"
"Capital_Cities.txt",18,"Frankfort,KY",8000,"Greedy 2",1729,1773,7951.538579,0.100167,"Frankfort,KY -> Indianapolis,IN -> Columbus,OH -> Nashville,TN -> Atlanta,GA -> Columbia,SC -> Annapolis,MD -> Dover,DE -> Trenton,NJ -> Albany,NY -> Concord,NH -> Augusta,ME -> Providence,RI -> Boston,MA -> Lansing,MI -> Springfield,IL -> JeffersonCity,MO -> OklahomaCity,OK -> Austin,TX -> Jackson,MS -> BatonRouge,LA -> Tallahassee,FL -> Montgomery,AL -> LittleRock,AR -> Topeka,KS -> Lincoln,NE -> DesMoines,IA -> Pierre,SD -> Bismarck,ND -> Madison,WI -> Frankfort,KY"
"Capital_Cities.txt",18,"Frankfort,KY",8000,"P-MARL",1681,1725,7991.858613,4304.256125,"Frankfort,KY -> Annapolis,MD -> Dover,DE -> Trenton,NJ -> Albany,NY -> Providence,RI -> Concord,NH -> Augusta,ME -> Boston,MA -> Hartford,CT -> Cheyenne,WY -> Denver,CO -> SantaFe,NM -> OklahomaCity,OK -> Austin,TX -> BatonRouge,LA -> Jackson,MS -> LittleRock,AR -> Nashville,TN -> Atlanta,GA -> Columbia,SC -> Raleigh,NC -> JeffersonCity,MO -> Topeka,KS -> Lincoln,NE -> DesMoines,IA -> Columbus,OH -> Indianapolis,IN -> Frankfort,KY"
"Capital_Cities.txt",19,"Harrisburg,PA",8000,"Greedy 1",744,768,7997.183004,0.029792,"Harrisburg,PA -> Albany,NY -> Annapolis,MD -> Cheyenne,WY -> Nashville,TN -> Helena,MT -> Salem,OR -> Indianapolis,IN -> Atlanta,GA -> Harrisburg,PA"
"Capital_Cities.txt",19,"Harrisburg,PA",8000,"Greedy 2",1725,1749,7728.870508,0.118875,"Harrisburg,PA -> Annapolis,MD -> Dover,DE -> Trenton,NJ -> Albany,NY -> Concord,NH -> Augusta,ME -> Providence,RI -> Boston,MA -> Columbus,OH -> Indianapolis,IN -> Nashville,TN -> Atlanta,GA -> Columbia,SC -> Raleigh,NC -> Richmond,VA -> Lansing,MI -> Springfield,IL -> JeffersonCity,MO -> OklahomaCity,OK -> Austin,TX -> Jackson,MS -> BatonRouge,LA -> Tallahassee,FL -> Montgomery,AL -> LittleRock,AR -> Topeka,KS -> Lincoln,NE -> DesMoines,IA -> Madison,WI -> Frankfort,KY -> Charleston,WV -> Harrisburg,PA"
"Capital_Cities.txt",19,"Harrisburg,PA",8000,"P-MARL",1932,1956,7948.204459,4044.117458,"Harrisburg,PA -> Annapolis,MD -> Dover,DE -> Trenton,NJ -> Albany,NY -> Concord,NH -> Boston,MA -> Providence,RI -> Augusta,ME -> Columbus,OH -> Indianapolis,IN -> Springfield,IL -> JeffersonCity,MO -> Topeka,KS -> Lincoln,NE -> Pierre,SD -> Bismarck,ND -> Cheyenne,WY -> Denver,CO -> SantaFe,NM -> OklahomaCity,OK -> Austin,TX -> BatonRouge,LA -> Jackson,MS -> LittleRock,AR -> Nashville,TN -> Atlanta,GA -> Columbia,SC -> Raleigh,NC -> Richmond,VA -> Lansing,MI -> Madison,WI -> Frankfort,KY -> Charleston,WV -> Harrisburg,PA"
"Capital_Cities.txt",0,"Albany,NY",10000,"Greedy 1",1100,1300,9950.422715,0.030667,"Albany,NY -> Annapolis,MD -> Cheyenne,WY -> Nashville,TN -> Helena,MT -> Salem,OR -> Indianapolis,IN -> OklahomaCity,OK -> Atlanta,GA -> Columbia,SC -> Columbus,OH -> Augusta,ME -> Concord,NH -> Providence,RI -> Boston,MA -> Hartford,CT -> Albany,NY"
"Capital_Cities.txt",0,"Albany,NY",10000,"Greedy 2",1965,2165,9926.963809,0.111708,"Albany,NY -> Concord,NH -> Augusta,ME -> Providence,RI -> Boston,MA -> Annapolis,MD -> Dover,DE -> Trenton,NJ -> Columbus,OH -> Indianapolis,IN -> Nashville,TN -> Atlanta,GA -> Columbia,SC -> Raleigh,NC -> Richmond,VA -> Lansing,MI -> Springfield,IL -> JeffersonCity,MO -> OklahomaCity,OK -> Austin,TX -> Jackson,MS -> BatonRouge,LA -> Tallahassee,FL -> Montgomery,AL -> LittleRock,AR -> Topeka,KS -> Lincoln,NE -> DesMoines,IA -> Cheyenne,WY -> Denver,CO -> SantaFe,NM -> SaltLakeCity,UT -> Pierre,SD -> Madison,WI -> Albany,NY"
"Capital_Cities.txt",0,"Albany,NY",10000,"P-MARL",2156,2356,9967.033791,4731.461750,"Albany,NY -> Annapolis,MD -> Dover,DE -> Trenton,NJ -> Harrisburg,PA -> Columbus,OH -> Indianapolis,IN -> Nashville,TN -> Atlanta,GA -> Columbia,SC -> Raleigh,NC -> Richmond,VA -> Lansing,MI -> Springfield,IL -> JeffersonCity,MO -> Topeka,KS -> Lincoln,NE -> DesMoines,IA -> Pierre,SD -> Bismarck,ND -> Helena,MT -> Boise,ID -> SaltLakeCity,UT -> Cheyenne,WY -> Denver,CO -> SantaFe,NM -> OklahomaCity,OK -> Austin,TX -> BatonRouge,LA -> Jackson,MS -> LittleRock,AR -> Tallahassee,FL -> Montgomery,AL -> Frankfort,KY -> Charleston,WV -> Concord,NH -> Augusta,ME -> Providence,RI -> Boston,MA -> Hartford,CT -> Albany,NY"
"Capital_Cities.txt",1,"Annapolis,MD",10000,"Greedy 1",989,1185,9966.708272,0.031542,"Annapolis,MD -> Albany,NY -> Cheyenne,WY -> Nashville,TN -> Helena,MT -> Salem,OR -> Indianapolis,IN -> OklahomaCity,OK -> Atlanta,GA -> Columbia,SC -> Columbus,OH -> Springfield,IL -> Frankfort,KY -> Charleston,WV -> Annapolis,MD"
"Capital_Cities.txt",1,"Annapolis,MD",10000,"Greedy 2",1979,2175,9916.047411,0.123334,"Annapolis,MD -> Dover,DE -> Trenton,NJ -> Albany,NY -> Concord,NH -> Augusta,ME -> Providence,RI -> Boston,MA -> Columbus,OH -> Indianapolis,IN -> Nashville,TN -> Atlanta,GA -> Columbia,SC -> Raleigh,NC -> Richmond,VA -> Lansing,MI -> Springfield,IL -> JeffersonCity,MO -> OklahomaCity,OK -> Austin,TX -> Jackson,MS -> BatonRouge,LA -> Tallahassee,FL -> Montgomery,AL -> LittleRock,AR -> Topeka,KS -> Lincoln,NE -> DesMoines,IA -> Cheyenne,WY -> Denver,CO -> SantaFe,NM -> SaltLakeCity,UT -> Pierre,SD -> Madison,WI -> Harrisburg,PA -> Annapolis,MD"
"Capital_Cities.txt",1,"Annapolis,MD",10000,"P-MARL",2112,2308,9689.629451,4744.339667,"Annapolis,MD -> Dover,DE -> Trenton,NJ -> Albany,NY -> Concord,NH -> Boston,MA -> Providence,RI -> Augusta,ME -> Indianapolis,IN -> Springfield,IL -> JeffersonCity,MO -> Topeka,KS -> Lincoln,NE -> DesMoines,IA -> Pierre,SD -> Bismarck,ND -> Helena,MT -> Boise,ID -> SaltLakeCity,UT -> Cheyenne,WY -> Denver,CO -> SantaFe,NM -> OklahomaCity,OK -> Austin,TX -> BatonRouge,LA -> Jackson,MS -> LittleRock,AR -> Nashville,TN -> Atlanta,GA -> Columbia,SC -> Raleigh,NC -> Richmond,VA -> Columbus,OH -> Lansing,MI -> Madison,WI -> Frankfort,KY -> Charleston,WV -> Harrisburg,PA -> Hartford,CT -> Annapolis,MD"
"Capital_Cities.txt",2,"Atlanta,GA",10000,"Greedy 1",903,1071,9827.821867,0.049125,"Atlanta,GA -> Albany,NY -> Annapolis,MD -> Cheyenne,WY -> Nashville,TN -> Helena,MT -> Salem,OR -> Indianapolis,IN -> OklahomaCity,OK -> Columbia,SC -> Tallahassee,FL -> Montgomery,AL -> Atlanta,GA"
"Capital_Cities.txt",2,"Atlanta,GA",10000,"Greedy 2",1899,2067,9849.827063,0.105083,"Atlanta,GA -> Nashville,TN -> Indianapolis,IN -> Columbus,OH -> Annapolis,MD -> Dover,DE -> Trenton,NJ -> Albany,NY -> Concord,NH -> Augusta,ME -> Providence,RI -> Boston,MA -> Columbia,SC -> Raleigh,NC -> Richmond,VA -> Lansing,MI -> Springfield,IL -> JeffersonCity,MO -> OklahomaCity,OK -> Austin,TX -> Jackson,MS -> BatonRouge,LA -> Tallahassee,FL -> Montgomery,AL -> LittleRock,AR -> Topeka,KS -> Lincoln,NE -> DesMoines,IA -> Cheyenne,WY -> Denver,CO -> SantaFe,NM -> SaltLakeCity,UT -> Atlanta,GA"
"Capital_Cities.txt",2,"Atlanta,GA",10000,"P-MARL",2166,2334,9861.668612,4781.029666,"Atlanta,GA -> Annapolis,MD -> Dover,DE -> Trenton,NJ -> Albany,NY -> Concord,NH -> Boston,MA -> Providence,RI -> Augusta,ME -> Columbus,OH -> Indianapolis,IN -> Frankfort,KY -> Nashville,TN -> Jackson,MS -> BatonRouge,LA -> Austin,TX -> OklahomaCity,OK -> Cheyenne,WY -> Denver,CO -> SantaFe,NM -> SaltLakeCity,UT -> Helena,MT -> Boise,ID -> Salem,OR -> Olympia,WA -> Bismarck,ND -> Pierre,SD -> Lincoln,NE -> Topeka,KS -> JeffersonCity,MO -> Springfield,IL -> DesMoines,IA -> Madison,WI -> Lansing,MI -> Columbia,SC -> Atlanta,GA"
"Capital_Cities.txt",3,"Augusta,ME",10000,"Greedy 1",1123,1271,9931.431737,0.032250,"Augusta,ME -> Albany,NY -> Annapolis,MD -> Cheyenne,WY -> Nashville,TN -> Helena,MT -> Salem,OR -> Indianapolis,IN -> OklahomaCity,OK -> Atlanta,GA -> Columbia,SC -> Columbus,OH -> Concord,NH -> Providence,RI -> Boston,MA -> Augusta,ME"
"Capital_Cities.txt",3,"Augusta,ME",10000,"Greedy 2",1930,2078,9992.049075,0.123666,"Augusta,ME -> Concord,NH -> Albany,NY -> Annapolis,MD -> Dover,DE -> Trenton,NJ -> Providence,RI -> Boston,MA -> Columbus,OH -> Indianapolis,IN -> Nashville,TN -> Atlanta,GA -> Columbia,SC -> Raleigh,NC -> Richmond,VA -> Lansing,MI -> Springfield,IL -> JeffersonCity,MO -> OklahomaCity,OK -> Austin,TX -> Jackson,MS -> BatonRouge,LA -> Tallahassee,FL -> Montgomery,AL -> LittleRock,AR -> Topeka,KS -> Lincoln,NE -> DesMoines,IA -> Cheyenne,WY -> Denver,CO -> SantaFe,NM -> Pierre,SD -> Bismarck,ND -> SaintPaul,MN -> Montpelier,VT -> Augusta,ME"
"Capital_Cities.txt",3,"Augusta,ME",10000,"P-MARL",1857,2005,9610.582862,4615.715417,"Augusta,ME -> Annapolis,MD -> Dover,DE -> Trenton,NJ -> Harrisburg,PA -> Columbus,OH -> Indianapolis,IN -> Springfield,IL -> JeffersonCity,MO -> Topeka,KS -> Lincoln,NE -> DesMoines,IA -> Cheyenne,WY -> Denver,CO -> SantaFe,NM -> Phoenix,AZ -> SaltLakeCity,UT -> Helena,MT -> BatonRouge,LA -> Jackson,MS -> LittleRock,AR -> Nashville,TN -> Atlanta,GA -> Columbia,SC -> Raleigh,NC -> Richmond,VA -> Providence,RI -> Boston,MA -> Albany,NY -> Concord,NH -> Lansing,MI -> Hartford,CT -> Montpelier,VT -> Augusta,ME"
"Capital_Cities.txt",4,"Austin,TX",10000,"Greedy 1",869,999,9990.037123,0.031958,"Austin,TX -> Albany,NY -> Annapolis,MD -> Cheyenne,WY -> Nashville,TN -> Helena,MT -> Salem,OR -> Indianapolis,IN -> OklahomaCity,OK -> Jackson,MS -> BatonRouge,LA -> Austin,TX"
"Capital_Cities.txt",4,"Austin,TX",10000,"Greedy 2",2078,2208,9965.183047,0.099250,"Austin,TX -> OklahomaCity,OK -> JeffersonCity,MO -> Springfield,IL -> Indianapolis,IN -> Columbus,OH -> Nashville,TN -> Atlanta,GA -> Columbia,SC -> Annapolis,MD -> Dover,DE -> Trenton,NJ -> Albany,NY -> Concord,NH -> Augusta,ME -> Providence,RI -> Boston,MA -> Lansing,MI -> Madison,WI -> DesMoines,IA -> Lincoln,NE -> Topeka,KS -> Cheyenne,WY -> Denver,CO -> SantaFe,NM -> SaltLakeCity,UT -> Helena,MT -> Salem,OR -> Olympia,WA -> Boise,ID -> Phoenix,AZ -> Jackson,MS -> Austin,TX"
"Capital_Cities.txt",4,"Austin,TX",10000,"P-MARL",1726,1856,9827.959913,4700.359583,"Austin,TX -> Annapolis,MD -> Dover,DE -> Trenton,NJ -> Albany,NY -> Concord,NH -> Augusta,ME -> Providence,RI -> Boston,MA -> Hartford,CT -> Richmond,VA -> Raleigh,NC -> Columbia,SC -> Atlanta,GA -> Nashville,TN -> Jackson,MS -> BatonRouge,LA -> LittleRock,AR -> Cheyenne,WY -> Denver,CO -> SantaFe,NM -> SaltLakeCity,UT -> Helena,MT -> Boise,ID -> Salem,OR -> Olympia,WA -> CarsonCity,NV -> Sacramento,CA -> OklahomaCity,OK -> Topeka,KS -> Austin,TX"
"Capital_Cities.txt",5,"BatonRouge,LA",10000,"Greedy 1",903,1003,9933.773134,0.027792,"BatonRouge,LA -> Albany,NY -> Annapolis,MD -> Cheyenne,WY -> Nashville,TN -> Helena,MT -> Salem,OR -> Indianapolis,IN -> OklahomaCity,OK -> Atlanta,GA -> Jackson,MS -> BatonRouge,LA"
"Capital_Cities.txt",5,"BatonRouge,LA",10000,"Greedy 2",2105,2205,9699.810550,0.095917,"BatonRouge,LA -> Jackson,MS -> Nashville,TN -> Atlanta,GA -> Columbia,SC -> Annapolis,MD -> Dover,DE -> Trenton,NJ -> Albany,NY -> Concord,NH -> Augusta,ME -> Providence,RI -> Boston,MA -> Columbus,OH -> Indianapolis,IN -> Springfield,IL -> JeffersonCity,MO -> OklahomaCity,OK -> Austin,TX -> SantaFe,NM -> Cheyenne,WY -> Denver,CO -> SaltLakeCity,UT -> Helena,MT -> Salem,OR -> Olympia,WA -> Boise,ID -> Phoenix,AZ -> Pierre,SD -> Lincoln,NE -> Topeka,KS -> LittleRock,AR -> BatonRouge,LA"
"Capital_Cities.txt",5,"BatonRouge,LA",10000,"P-MARL",2242,2342,9698.055895,4529.783125,"BatonRouge,LA -> Jackson,MS -> Nashville,TN -> Atlanta,GA -> Columbia,SC -> Raleigh,NC -> Annapolis,MD -> Dover,DE -> Trenton,NJ -> Albany,NY -> Concord,NH -> Boston,MA -> Providence,RI -> Augusta,ME -> Columbus,OH -> Indianapolis,IN -> Springfield,IL -> JeffersonCity,MO -> Topeka,KS -> Lincoln,NE -> DesMoines,IA -> Cheyenne,WY -> Denver,CO -> SantaFe,NM -> SaltLakeCity,UT -> Boise,ID -> Salem,OR -> Olympia,WA -> Helena,MT -> Bismarck,ND -> Pierre,SD -> OklahomaCity,OK -> Austin,TX -> LittleRock,AR -> Tallahassee,FL -> Montgomery,AL -> BatonRouge,LA"
"Capital_Cities.txt",6,"Bismarck,ND",10000,"Greedy 1",872,958,9875.822586,0.030583,"Bismarck,ND -> Albany,NY -> Annapolis,MD -> Cheyenne,WY -> Nashville,TN -> Helena,MT -> Salem,OR -> Indianapolis,IN -> OklahomaCity,OK -> JeffersonCity,MO -> Pierre,SD -> Bismarck,ND"
"Capital_Cities.txt",6,"Bismarck,ND",10000,"Greedy 2",2148,2234,9912.680129,0.102625,"Bismarck,ND -> Pierre,SD -> Cheyenne,WY -> Denver,CO -> SantaFe,NM -> OklahomaCity,OK -> JeffersonCity,MO -> Springfield,IL -> Indianapolis,IN -> Columbus,OH -> Nashville,TN -> Atlanta,GA -> Columbia,SC -> Annapolis,MD -> Dover,DE -> Trenton,NJ -> Albany,NY -> Concord,NH -> Augusta,ME -> Providence,RI -> Boston,MA -> Lansing,MI -> Madison,WI -> DesMoines,IA -> Lincoln,NE -> Topeka,KS -> Jackson,MS -> BatonRouge,LA -> Austin,TX -> SaltLakeCity,UT -> Helena,MT -> Salem,OR -> Olympia,WA -> Bismarck,ND"
"Capital_Cities.txt",6,"Bismarck,ND",10000,"P-MARL",1943,2029,9560.233363,4612.495500,"Bismarck,ND -> Annapolis,MD -> Dover,DE -> Trenton,NJ -> Albany,NY -> Concord,NH -> Boston,MA -> Providence,RI -> Augusta,ME -> Columbia,SC -> Atlanta,GA -> Nashville,TN -> Jackson,MS -> BatonRouge,LA -> Austin,TX -> OklahomaCity,OK -> Topeka,KS -> Lincoln,NE -> DesMoines,IA -> JeffersonCity,MO -> Springfield,IL -> Indianapolis,IN -> Columbus,OH -> Cheyenne,WY -> Denver,CO -> SantaFe,NM -> SaltLakeCity,UT -> Helena,MT -> Boise,ID -> Pierre,SD -> Bismarck,ND"
"Capital_Cities.txt",7,"Boise,ID",10000,"Greedy 1",745,819,9587.171580,0.027083,"Boise,ID -> Albany,NY -> Annapolis,MD -> Cheyenne,WY -> Nashville,TN -> Helena,MT -> Salem,OR -> OklahomaCity,OK -> SaltLakeCity,UT -> Boise,ID"
"Capital_Cities.txt",7,"Boise,ID",10000,"Greedy 2",2064,2138,9466.376436,0.102750,"Boise,ID -> Helena,MT -> SaltLakeCity,UT -> Cheyenne,WY -> Denver,CO -> SantaFe,NM -> OklahomaCity,OK -> JeffersonCity,MO -> Springfield,IL -> Indianapolis,IN -> Columbus,OH -> Nashville,TN -> Atlanta,GA -> Columbia,SC -> Annapolis,MD -> Dover,DE -> Trenton,NJ -> Albany,NY -> Concord,NH -> Augusta,ME -> Providence,RI -> Boston,MA -> Lansing,MI -> Madison,WI -> DesMoines,IA -> Lincoln,NE -> Topeka,KS -> Jackson,MS -> BatonRouge,LA -> Austin,TX -> LittleRock,AR -> Pierre,SD -> Bismarck,ND -> Boise,ID"
"Capital_Cities.txt",7,"Boise,ID",10000,"P-MARL",2033,2107,9703.492052,4400.449792,"Boise,ID -> Cheyenne,WY -> Denver,CO -> SantaFe,NM -> OklahomaCity,OK -> Topeka,KS -> Lincoln,NE -> DesMoines,IA -> JeffersonCity,MO -> Springfield,IL -> Indianapolis,IN -> Columbus,OH -> Lansing,MI -> Annapolis,MD -> Dover,DE -> Trenton,NJ -> Albany,NY -> Concord,NH -> Boston,MA -> Providence,RI -> Augusta,ME -> Nashville,TN -> Jackson,MS -> BatonRouge,LA -> Austin,TX -> LittleRock,AR -> Pierre,SD -> Bismarck,ND -> Helena,MT -> Salem,OR -> Olympia,WA -> SaltLakeCity,UT -> Boise,ID"
"Capital_Cities.txt",8,"Boston,MA",10000,"Greedy 1",1169,1225,9914.166860,0.033042,"Boston,MA -> Albany,NY -> Annapolis,MD -> Cheyenne,WY -> Nashville,TN -> Helena,MT -> Salem,OR -> Indianapolis,IN -> OklahomaCity,OK -> Atlanta,GA -> Columbia,SC -> Columbus,OH -> Augusta,ME -> Concord,NH -> Providence,RI -> Boston,MA"
"Capital_Cities.txt",8,"Boston,MA",10000,"Greedy 2",1998,2054,9995.342619,0.121042,"Boston,MA -> Providence,RI -> Albany,NY -> Concord,NH -> Augusta,ME -> Annapolis,MD -> Dover,DE -> Trenton,NJ -> Columbus,OH -> Indianapolis,IN -> Nashville,TN -> Atlanta,GA -> Columbia,SC -> Raleigh,NC -> Richmond,VA -> Lansing,MI -> Springfield,IL -> JeffersonCity,MO -> OklahomaCity,OK -> Austin,TX -> Jackson,MS -> BatonRouge,LA -> Tallahassee,FL -> Montgomery,AL -> LittleRock,AR -> Topeka,KS -> Lincoln,NE -> DesMoines,IA -> Cheyenne,WY -> Denver,CO -> SantaFe,NM -> Pierre,SD -> Bismarck,ND -> Madison,WI -> Montpelier,VT -> Boston,MA"
"Capital_Cities.txt",8,"Boston,MA",10000,"P-MARL",2051,2107,9923.297120,4701.800167,"Boston,MA -> Annapolis,MD -> Dover,DE -> Trenton,NJ -> Harrisburg,PA -> Columbus,OH -> Indianapolis,IN -> Springfield,IL -> JeffersonCity,MO -> DesMoines,IA -> Lincoln,NE -> Topeka,KS -> OklahomaCity,OK -> Cheyenne,WY -> Denver,CO -> SantaFe,NM -> Phoenix,AZ -> SaltLakeCity,UT -> Helena,MT -> Bismarck,ND -> Pierre,SD -> Jackson,MS -> BatonRouge,LA -> Nashville,TN -> Atlanta,GA -> Columbia,SC -> Raleigh,NC -> Richmond,VA -> Augusta,ME -> Albany,NY -> Providence,RI -> Concord,NH -> Lansing,MI -> Hartford,CT -> Boston,MA"
"Capital_Cities.txt",9,"CarsonCity,NV",10000,"Greedy 1",745,783,9990.061887,0.034834,"CarsonCity,NV -> Albany,NY -> Annapolis,MD -> Cheyenne,WY -> Nashville,TN -> Helena,MT -> Salem,OR -> OklahomaCity,OK -> SaltLakeCity,UT -> CarsonCity,NV"
"Capital_Cities.txt",9,"CarsonCity,NV",10000,"Greedy 2",2173,2211,9688.858361,0.117583,"CarsonCity,NV -> Salem,OR -> Olympia,WA -> Helena,MT -> SaltLakeCity,UT -> Cheyenne,WY -> Denver,CO -> SantaFe,NM -> OklahomaCity,OK -> JeffersonCity,MO -> Springfield,IL -> Indianapolis,IN -> Columbus,OH -> Nashville,TN -> Atlanta,GA -> Columbia,SC -> Annapolis,MD -> Dover,DE -> Trenton,NJ -> Albany,NY -> Concord,NH -> Augusta,ME -> Providence,RI -> Boston,MA -> Lansing,MI -> Madison,WI -> DesMoines,IA -> Lincoln,NE -> Topeka,KS -> Jackson,MS -> BatonRouge,LA -> Austin,TX -> Phoenix,AZ -> Sacramento,CA -> CarsonCity,NV"
"Capital_Cities.txt",9,"CarsonCity,NV",10000,"P-MARL",2030,2068,9726.096495,4583.275125,"CarsonCity,NV -> Cheyenne,WY -> Denver,CO -> SantaFe,NM -> OklahomaCity,OK -> Topeka,KS -> Lincoln,NE -> DesMoines,IA -> JeffersonCity,MO -> Springfield,IL -> Indianapolis,IN -> Columbus,OH -> Albany,NY -> Concord,NH -> Boston,MA -> Providence,RI -> Augusta,ME -> Annapolis,MD -> Dover,DE -> Trenton,NJ -> Columbia,SC -> Atlanta,GA -> Nashville,TN -> Jackson,MS -> BatonRouge,LA -> Austin,TX -> Salem,OR -> Olympia,WA -> Helena,MT -> SaltLakeCity,UT -> Sacramento,CA -> CarsonCity,NV"
"Capital_Cities.txt",10,"Charleston,WV",10000,"Greedy 1",1066,1082,9992.311504,0.029708,"Charleston,WV -> Albany,NY -> Annapolis,MD -> Cheyenne,WY -> Nashville,TN -> Helena,MT -> Salem,OR -> Indianapolis,IN -> OklahomaCity,OK -> Atlanta,GA -> Columbia,SC -> Columbus,OH -> Lansing,MI -> Frankfort,KY -> Charleston,WV"
"Capital_Cities.txt",10,"Charleston,WV",10000,"Greedy 2",2116,2132,9854.884370,0.121166,"Charleston,WV -> Columbus,OH -> Indianapolis,IN -> Nashville,TN -> Atlanta,GA -> Columbia,SC -> Annapolis,MD -> Dover,DE -> Trenton,NJ -> Albany,NY -> Concord,NH -> Augusta,ME -> Providence,RI -> Boston,MA -> Lansing,MI -> Springfield,IL -> JeffersonCity,MO -> OklahomaCity,OK -> Austin,TX -> Jackson,MS -> BatonRouge,LA -> Tallahassee,FL -> Montgomery,AL -> LittleRock,AR -> Topeka,KS -> Lincoln,NE -> DesMoines,IA -> Cheyenne,WY -> Denver,CO -> SantaFe,NM -> SaltLakeCity,UT -> Helena,MT -> Pierre,SD -> Madison,WI -> Frankfort,KY -> Charleston,WV"
"Capital_Cities.txt",10,"Charleston,WV",10000,"P-MARL",1690,1706,9998.711106,4827.900500,"Charleston,WV -> Annapolis,MD -> Dover,DE -> Trenton,NJ -> Albany,NY -> Concord,NH -> Augusta,ME -> Providence,RI -> Boston,MA -> Hartford,CT -> Harrisburg,PA -> Jackson,MS -> BatonRouge,LA -> Austin,TX -> LittleRock,AR -> Nashville,TN -> Atlanta,GA -> Columbia,SC -> Raleigh,NC -> Richmond,VA -> Cheyenne,WY -> Denver,CO -> SantaFe,NM -> SaltLakeCity,UT -> Helena,MT -> Boise,ID -> Salem,OR -> Olympia,WA -> Pierre,SD -> Charleston,WV"
"Capital_Cities.txt",11,"Cheyenne,WY",10000,"Greedy 1",940,1132,9978.904272,0.048833,"Cheyenne,WY -> Albany,NY -> Annapolis,MD -> Nashville,TN -> Helena,MT -> Salem,OR -> Indianapolis,IN -> OklahomaCity,OK -> SaltLakeCity,UT -> SantaFe,NM -> JeffersonCity,MO -> Denver,CO -> Cheyenne,WY"
"Capital_Cities.txt",11,"Cheyenne,WY",10000,"Greedy 2",2089,2281,9891.994327,0.105750,"Cheyenne,WY -> Denver,CO -> SantaFe,NM -> OklahomaCity,OK -> JeffersonCity,MO -> Springfield,IL -> Indianapolis,IN -> Columbus,OH -> Nashville,TN -> Atlanta,GA -> Columbia,SC -> Annapolis,MD -> Dover,DE -> Trenton,NJ -> Albany,NY -> Concord,NH -> Augusta,ME -> Providence,RI -> Boston,MA -> Lansing,MI -> Madison,WI -> DesMoines,IA -> Lincoln,NE -> Topeka,KS -> Jackson,MS -> BatonRouge,LA -> Austin,TX -> SaltLakeCity,UT -> Helena,MT -> Salem,OR -> Olympia,WA -> Boise,ID -> Pierre,SD -> Cheyenne,WY"
"Capital_Cities.txt",11,"Cheyenne,WY",10000,"P-MARL",1889,2081,9561.385135,4558.236292,"Cheyenne,WY -> Denver,CO -> SantaFe,NM -> OklahomaCity,OK -> Topeka,KS -> Lincoln,NE -> DesMoines,IA -> Springfield,IL -> Indianapolis,IN -> Columbus,OH -> Annapolis,MD -> Dover,DE -> Trenton,NJ -> Albany,NY -> Concord,NH -> Augusta,ME -> Providence,RI -> Boston,MA -> Jackson,MS -> BatonRouge,LA -> Austin,TX -> LittleRock,AR -> JeffersonCity,MO -> Pierre,SD -> Bismarck,ND -> Helena,MT -> Boise,ID -> Salem,OR -> Olympia,WA -> SaltLakeCity,UT -> Phoenix,AZ -> Cheyenne,WY"
"Capital_Cities.txt",12,"Columbia,SC",10000,"Greedy 1",945,1109,9873.527134,0.029917,"Columbia,SC -> Albany,NY -> Annapolis,MD -> Cheyenne,WY -> Nashville,TN -> Helena,MT -> Salem,OR -> Indianapolis,IN -> OklahomaCity,OK -> Atlanta,GA -> Columbus,OH -> Raleigh,NC -> Columbia,SC"
"Capital_Cities.txt",12,"Columbia,SC",10000,"Greedy 2",2042,2206,9948.529193,0.119792,"Columbia,SC -> Atlanta,GA -> Nashville,TN -> Indianapolis,IN -> Columbus,OH -> Annapolis,MD -> Dover,DE -> Trenton,NJ -> Albany,NY -> Concord,NH -> Augusta,ME -> Providence,RI -> Boston,MA -> Lansing,MI -> Springfield,IL -> JeffersonCity,MO -> OklahomaCity,OK -> Austin,TX -> Jackson,MS -> BatonRouge,LA -> Tallahassee,FL -> Montgomery,AL -> LittleRock,AR -> Topeka,KS -> Lincoln,NE -> DesMoines,IA -> Cheyenne,WY -> Denver,CO -> SantaFe,NM -> SaltLakeCity,UT -> Helena,MT -> Pierre,SD -> Madison,WI -> Frankfort,KY -> Charleston,WV -> Columbia,SC"
"Capital_Cities.txt",12,"Columbia,SC",10000,"P-MARL",2125,2289,9835.343915,4660.208250,"Columbia,SC -> Annapolis,MD -> Dover,DE -> Trenton,NJ -> Albany,NY -> Concord,NH -> Boston,MA -> Providence,RI -> Augusta,ME -> Richmond,VA -> Raleigh,NC -> Tallahassee,FL -> Jackson,MS -> BatonRouge,LA -> Austin,TX -> OklahomaCity,OK -> Cheyenne,WY -> Denver,CO -> SantaFe,NM -> SaltLakeCity,UT -> Helena,MT -> Boise,ID -> Bismarck,ND -> Pierre,SD -> Lincoln,NE -> Topeka,KS -> JeffersonCity,MO -> Springfield,IL -> DesMoines,IA -> Madison,WI -> Lansing,MI -> Frankfort,KY -> Indianapolis,IN -> Columbus,OH -> Atlanta,GA -> Nashville,TN -> Columbia,SC"
"Capital_Cities.txt",13,"Columbus,OH",10000,"Greedy 1",1002,1156,9932.279540,0.031583,"Columbus,OH -> Albany,NY -> Annapolis,MD -> Cheyenne,WY -> Nashville,TN -> Helena,MT -> Salem,OR -> Indianapolis,IN -> OklahomaCity,OK -> Atlanta,GA -> Columbia,SC -> Springfield,IL -> Frankfort,KY -> Columbus,OH"
"Capital_Cities.txt",13,"Columbus,OH",10000,"Greedy 2",1972,2126,9997.421869,0.116083,"Columbus,OH -> Indianapolis,IN -> Nashville,TN -> Atlanta,GA -> Columbia,SC -> Annapolis,MD -> Dover,DE -> Trenton,NJ -> Albany,NY -> Concord,NH -> Augusta,ME -> Providence,RI -> Boston,MA -> Lansing,MI -> Springfield,IL -> JeffersonCity,MO -> OklahomaCity,OK -> Austin,TX -> Jackson,MS -> BatonRouge,LA -> Tallahassee,FL -> Montgomery,AL -> LittleRock,AR -> Topeka,KS -> Lincoln,NE -> DesMoines,IA -> Cheyenne,WY -> Denver,CO -> SantaFe,NM -> SaltLakeCity,UT -> Helena,MT -> Boise,ID -> Columbus,OH"
"Capital_Cities.txt",13,"Columbus,OH",10000,"P-MARL",2086,2240,9999.802188,4976.254416,"Columbus,OH -> Annapolis,MD -> Dover,DE -> Trenton,NJ -> Albany,NY -> Concord,NH -> Augusta,ME -> Boston,MA -> Providence,RI -> Hartford,CT -> Richmond,VA -> Raleigh,NC -> Cheyenne,WY -> Denver,CO -> SantaFe,NM -> SaltLakeCity,UT -> Boise,ID -> Helena,MT -> Bismarck,ND -> Pierre,SD -> OklahomaCity,OK -> Austin,TX -> BatonRouge,LA -> Jackson,MS -> LittleRock,AR -> Nashville,TN -> Atlanta,GA -> Columbia,SC -> Indianapolis,IN -> Springfield,IL -> JeffersonCity,MO -> Topeka,KS -> Lincoln,NE -> DesMoines,IA -> Lansing,MI -> Frankfort,KY -> Columbus,OH"
"Capital_Cities.txt",14,"Concord,NH",10000,"Greedy 1",1135,1259,9936.041249,0.030083,"Concord,NH -> Albany,NY -> Annapolis,MD -> Cheyenne,WY -> Nashville,TN -> Helena,MT -> Salem,OR -> Indianapolis,IN -> OklahomaCity,OK -> Atlanta,GA -> Columbia,SC -> Columbus,OH -> Augusta,ME -> Providence,RI -> Boston,MA -> Concord,NH"
"Capital_Cities.txt",14,"Concord,NH",10000,"Greedy 2",1933,2057,9999.791054,0.125000,"Concord,NH -> Albany,NY -> Annapolis,MD -> Dover,DE -> Trenton,NJ -> Providence,RI -> Boston,MA -> Augusta,ME -> Columbus,OH -> Indianapolis,IN -> Nashville,TN -> Atlanta,GA -> Columbia,SC -> Raleigh,NC -> Richmond,VA -> Lansing,MI -> Springfield,IL -> JeffersonCity,MO -> OklahomaCity,OK -> Austin,TX -> Jackson,MS -> BatonRouge,LA -> Tallahassee,FL -> Montgomery,AL -> LittleRock,AR -> Topeka,KS -> Lincoln,NE -> DesMoines,IA -> Cheyenne,WY -> Denver,CO -> SantaFe,NM -> Pierre,SD -> Madison,WI -> Harrisburg,PA -> Hartford,CT -> Concord,NH"
"Capital_Cities.txt",14,"Concord,NH",10000,"P-MARL",2094,2218,9937.806666,4803.621708,"Concord,NH -> Annapolis,MD -> Dover,DE -> Trenton,NJ -> Harrisburg,PA -> Richmond,VA -> Raleigh,NC -> Columbia,SC -> Atlanta,GA -> Nashville,TN -> Indianapolis,IN -> Columbus,OH -> Lansing,MI -> Springfield,IL -> JeffersonCity,MO -> Topeka,KS -> Lincoln,NE -> DesMoines,IA -> Cheyenne,WY -> Denver,CO -> SantaFe,NM -> SaltLakeCity,UT -> Boise,ID -> Helena,MT -> Bismarck,ND -> Pierre,SD -> OklahomaCity,OK -> Austin,TX -> BatonRouge,LA -> Jackson,MS -> LittleRock,AR -> Tallahassee,FL -> Montgomery,AL -> Frankfort,KY -> Charleston,WV -> Providence,RI -> Boston,MA -> Augusta,ME -> Montpelier,VT -> Concord,NH"
"Capital_Cities.txt",15,"Denver,CO",10000,"Greedy 1",823,941,9795.991280,0.029875,"Denver,CO -> Albany,NY -> Annapolis,MD -> Cheyenne,WY -> Nashville,TN -> Helena,MT -> Salem,OR -> Indianapolis,IN -> OklahomaCity,OK -> SantaFe,NM -> Denver,CO"
"Capital_Cities.txt",15,"Denver,CO",10000,"Greedy 2",2106,2224,9789.294078,0.113667,"Denver,CO -> Cheyenne,WY -> SaltLakeCity,UT -> Helena,MT -> Salem,OR -> Olympia,WA -> Boise,ID -> SantaFe,NM -> OklahomaCity,OK -> JeffersonCity,MO -> Springfield,IL -> Indianapolis,IN -> Columbus,OH -> Nashville,TN -> Atlanta,GA -> Columbia,SC -> Annapolis,MD -> Dover,DE -> Trenton,NJ -> Albany,NY -> Concord,NH -> Augusta,ME -> Providence,RI -> Boston,MA -> Lansing,MI -> Madison,WI -> DesMoines,IA -> Lincoln,NE -> Topeka,KS -> Jackson,MS -> BatonRouge,LA -> Austin,TX -> LittleRock,AR -> Denver,CO"
"Capital_Cities.txt",15,"Denver,CO",10000,"P-MARL",2057,2175,9973.284537,4740.235833,"Denver,CO -> Annapolis,MD -> Dover,DE -> Trenton,NJ -> Albany,NY -> Concord,NH -> Boston,MA -> Providence,RI -> Augusta,ME -> Richmond,VA -> Raleigh,NC -> Columbia,SC -> Atlanta,GA -> Nashville,TN -> Jackson,MS -> BatonRouge,LA -> Austin,TX -> OklahomaCity,OK -> Topeka,KS -> Lincoln,NE -> DesMoines,IA -> JeffersonCity,MO -> Springfield,IL -> Indianapolis,IN -> Columbus,OH -> Pierre,SD -> Bismarck,ND -> Helena,MT -> Boise,ID -> Salem,OR -> Olympia,WA -> SaltLakeCity,UT -> SantaFe,NM -> Denver,CO"
"Capital_Cities.txt",16,"DesMoines,IA",10000,"Greedy 1",901,997,9950.773314,0.033500,"DesMoines,IA -> Albany,NY -> Annapolis,MD -> Cheyenne,WY -> Nashville,TN -> Helena,MT -> Salem,OR -> Indianapolis,IN -> OklahomaCity,OK -> Atlanta,GA -> JeffersonCity,MO -> DesMoines,IA"
"Capital_Cities.txt",16,"DesMoines,IA",10000,"Greedy 2",2083,2179,9849.810563,0.109375,"DesMoines,IA -> JeffersonCity,MO -> Springfield,IL -> Indianapolis,IN -> Columbus,OH -> Nashville,TN -> Atlanta,GA -> Columbia,SC -> Annapolis,MD -> Dover,DE -> Trenton,NJ -> Albany,NY -> Concord,NH -> Augusta,ME -> Providence,RI -> Boston,MA -> Lansing,MI -> Madison,WI -> OklahomaCity,OK -> Austin,TX -> Jackson,MS -> BatonRouge,LA -> Tallahassee,FL -> Montgomery,AL -> LittleRock,AR -> Topeka,KS -> Lincoln,NE -> Cheyenne,WY -> Denver,CO -> SantaFe,NM -> SaltLakeCity,UT -> Helena,MT -> Boise,ID -> Pierre,SD -> DesMoines,IA"
"Capital_Cities.txt",16,"DesMoines,IA",10000,"P-MARL",2220,2316,9997.664335,4781.427750,"DesMoines,IA -> JeffersonCity,MO -> Springfield,IL -> Indianapolis,IN -> Columbus,OH -> Annapolis,MD -> Dover,DE -> Trenton,NJ -> Albany,NY -> Augusta,ME -> Concord,NH -> Boston,MA -> Providence,RI -> Hartford,CT -> Richmond,VA -> Raleigh,NC -> Columbia,SC -> Atlanta,GA -> Nashville,TN -> Jackson,MS -> BatonRouge,LA -> Austin,TX -> OklahomaCity,OK -> Cheyenne,WY -> Denver,CO -> SantaFe,NM -> SaltLakeCity,UT -> Helena,MT -> Salem,OR -> Olympia,WA -> Boise,ID -> Bismarck,ND -> Pierre,SD -> Madison,WI -> Lansing,MI -> Frankfort,KY -> Topeka,KS -> DesMoines,IA"
"Capital_Cities.txt",17,"Dover,DE",10000,"Greedy 1",1077,1137,9868.944049,0.030917,"Dover,DE -> Albany,NY -> Annapolis,MD -> Cheyenne,WY -> Nashville,TN -> Helena,MT -> Salem,OR -> Indianapolis,IN -> OklahomaCity,OK -> Atlanta,GA -> Columbia,SC -> Columbus,OH -> Lansing,MI -> Trenton,NJ -> Dover,DE"
"Capital_Cities.txt",17,"Dover,DE",10000,"Greedy 2",2047,2107,9996.997261,0.125042,"Dover,DE -> Annapolis,MD -> Albany,NY -> Concord,NH -> Augusta,ME -> Providence,RI -> Boston,MA -> Trenton,NJ -> Columbus,OH -> Indianapolis,IN -> Nashville,TN -> Atlanta,GA -> Columbia,SC -> Raleigh,NC -> Richmond,VA -> Lansing,MI -> Springfield,IL -> JeffersonCity,MO -> OklahomaCity,OK -> Austin,TX -> Jackson,MS -> BatonRouge,LA -> Tallahassee,FL -> Montgomery,AL -> LittleRock,AR -> Topeka,KS -> Lincoln,NE -> DesMoines,IA -> Cheyenne,WY -> Denver,CO -> SantaFe,NM -> SaltLakeCity,UT -> Pierre,SD -> Madison,WI -> Harrisburg,PA -> Dover,DE"
"Capital_Cities.txt",17,"Dover,DE",10000,"P-MARL",2143,2203,9908.684489,4621.751833,"Dover,DE -> Albany,NY -> Providence,RI -> Boston,MA -> Concord,NH -> Augusta,ME -> Columbus,OH -> Indianapolis,IN -> Springfield,IL -> JeffersonCity,MO -> Topeka,KS -> Lincoln,NE -> DesMoines,IA -> Pierre,SD -> Bismarck,ND -> Helena,MT -> SaltLakeCity,UT -> Denver,CO -> Cheyenne,WY -> SantaFe,NM -> OklahomaCity,OK -> Jackson,MS -> BatonRouge,LA -> Austin,TX -> LittleRock,AR -> Nashville,TN -> Atlanta,GA -> Columbia,SC -> Raleigh,NC -> Richmond,VA -> Harrisburg,PA -> Lansing,MI -> Madison,WI -> Frankfort,KY -> Charleston,WV -> Annapolis,MD -> Trenton,NJ -> Hartford,CT -> Dover,DE"
"Capital_Cities.txt",18,"Frankfort,KY",10000,"Greedy 1",1044,1088,9966.696231,0.035833,"Frankfort,KY -> Albany,NY -> Annapolis,MD -> Cheyenne,WY -> Nashville,TN -> Helena,MT -> Salem,OR -> Indianapolis,IN -> OklahomaCity,OK -> Atlanta,GA -> Columbia,SC -> Columbus,OH -> Lansing,MI -> Frankfort,KY"
"Capital_Cities.txt",18,"Frankfort,KY",10000,"Greedy 2",2137,2181,9984.542808,0.113750,"Frankfort,KY -> Indianapolis,IN -> Columbus,OH -> Nashville,TN -> Atlanta,GA -> Columbia,SC -> Annapolis,MD -> Dover,DE -> Trenton,NJ -> Albany,NY -> Concord,NH -> Augusta,ME -> Providence,RI -> Boston,MA -> Lansing,MI -> Springfield,IL -> JeffersonCity,MO -> OklahomaCity,OK -> Austin,TX -> Jackson,MS -> BatonRouge,LA -> Tallahassee,FL -> Montgomery,AL -> LittleRock,AR -> Topeka,KS -> Lincoln,NE -> DesMoines,IA -> Cheyenne,WY -> Denver,CO -> SantaFe,NM -> SaltLakeCity,UT -> Helena,MT -> Pierre,SD -> Bismarck,ND -> Madison,WI -> Frankfort,KY"
"Capital_Cities.txt",18,"Frankfort,KY",10000,"P-MARL",2174,2218,9558.753669,4824.342250,"Frankfort,KY -> Annapolis,MD -> Dover,DE -> Trenton,NJ -> Albany,NY -> Concord,NH -> Boston,MA -> Providence,RI -> Augusta,ME -> Richmond,VA -> Raleigh,NC -> Columbia,SC -> Atlanta,GA -> Nashville,TN -> Jackson,MS -> BatonRouge,LA -> Austin,TX -> OklahomaCity,OK -> Cheyenne,WY -> Denver,CO -> SantaFe,NM -> SaltLakeCity,UT -> Helena,MT -> Bismarck,ND -> Pierre,SD -> Lincoln,NE -> Topeka,KS -> JeffersonCity,MO -> Springfield,IL -> DesMoines,IA -> Madison,WI -> Lansing,MI -> Columbus,OH -> Indianapolis,IN -> Charleston,WV -> Tallahassee,FL -> Montgomery,AL -> Frankfort,KY"
"Capital_Cities.txt",19,"Harrisburg,PA",10000,"Greedy 1",1053,1077,9988.523670,0.031167,"Harrisburg,PA -> Albany,NY -> Annapolis,MD -> Cheyenne,WY -> Nashville,TN -> Helena,MT -> Salem,OR -> Indianapolis,IN -> OklahomaCity,OK -> Atlanta,GA -> Columbia,SC -> Columbus,OH -> Concord,NH -> Harrisburg,PA"
"Capital_Cities.txt",19,"Harrisburg,PA",10000,"Greedy 2",2065,2089,9916.047411,0.115375,"Harrisburg,PA -> Annapolis,MD -> Dover,DE -> Trenton,NJ -> Albany,NY -> Concord,NH -> Augusta,ME -> Providence,RI -> Boston,MA -> Columbus,OH -> Indianapolis,IN -> Nashville,TN -> Atlanta,GA -> Columbia,SC -> Raleigh,NC -> Richmond,VA -> Lansing,MI -> Springfield,IL -> JeffersonCity,MO -> OklahomaCity,OK -> Austin,TX -> Jackson,MS -> BatonRouge,LA -> Tallahassee,FL -> Montgomery,AL -> LittleRock,AR -> Topeka,KS -> Lincoln,NE -> DesMoines,IA -> Cheyenne,WY -> Denver,CO -> SantaFe,NM -> SaltLakeCity,UT -> Pierre,SD -> Madison,WI -> Harrisburg,PA"
"Capital_Cities.txt",19,"Harrisburg,PA",10000,"P-MARL",1973,1997,9988.860089,4663.614417,"Harrisburg,PA -> Annapolis,MD -> Dover,DE -> Trenton,NJ -> Albany,NY -> Concord,NH -> Augusta,ME -> Cheyenne,WY -> Denver,CO -> SantaFe,NM -> SaltLakeCity,UT -> Helena,MT -> Bismarck,ND -> Pierre,SD -> OklahomaCity,OK -> Austin,TX -> BatonRouge,LA -> Jackson,MS -> LittleRock,AR -> Nashville,TN -> Atlanta,GA -> Columbia,SC -> Raleigh,NC -> Richmond,VA -> JeffersonCity,MO -> Topeka,KS -> Lincoln,NE -> DesMoines,IA -> Columbus,OH -> Lansing,MI -> Indianapolis,IN -> Charleston,WV -> Harrisburg,PA"
